Fondsposition per,"18.Nov.2025"
 
Emittententicker,Name,Sektor,Anlageklasse,Marktwert,Gewichtung (%),Nominalwert,Nominale,Kurs,Standort,Börse,Marktwährung
"ASML","ASML HOLDING NV","IT","Aktien","264.027.908,80","2,90","264.027.908,80","305.023,00","865,60","Niederlande","Euronext Amsterdam","EUR"
"AZN","ASTRAZENECA PLC","Gesundheitsversorgung","Aktien","184.592.802,79","2,03","184.592.802,79","1.199.045,00","153,95","Vereinigtes Königreich","London Stock Exchange","GBP"
"ROG","ROCHE HOLDING PAR AG","Gesundheitsversorgung","Aktien","180.087.642,88","1,98","180.087.642,88","543.070,00","331,61","Schweiz","SIX Swiss Exchange","CHF"
"NESN","NESTLE SA","Nichtzyklische Konsumgüter","Aktien","171.025.824,25","1,88","171.025.824,25","1.995.691,00","85,70","Schweiz","SIX Swiss Exchange","CHF"
"NOVN","NOVARTIS AG","Gesundheitsversorgung","Aktien","164.277.592,54","1,80","164.277.592,54","1.489.580,00","110,28","Schweiz","SIX Swiss Exchange","CHF"
"SAP","SAP","IT","Aktien","161.857.280,70","1,78","161.857.280,70","788.202,00","205,35","Deutschland","Xetra","EUR"
"HSBA","HSBC HOLDINGS PLC","Financials","Aktien","161.250.536,65","1,77","161.250.536,65","13.455.808,00","11,98","Vereinigtes Königreich","London Stock Exchange","GBP"
"SHELL","SHELL PLC","Energie","Aktien","145.646.598,24","1,60","145.646.598,24","4.534.452,00","32,12","Vereinigtes Königreich","Euronext Amsterdam","EUR"
"SIE","SIEMENS N AG","Industrie","Aktien","126.955.882,90","1,39","126.955.882,90","581.966,00","218,15","Deutschland","Xetra","EUR"
"MC","LVMH","Zyklische Konsumgüter ","Aktien","120.018.974,20","1,32","120.018.974,20","196.334,00","611,30","Frankreich","Nyse Euronext - Euronext Paris","EUR"
"ALV","ALLIANZ","Financials","Aktien","107.430.859,60","1,18","107.430.859,60","298.751,00","359,60","Deutschland","Xetra","EUR"
"NOVO B","NOVO NORDISK CLASS B","Gesundheitsversorgung","Aktien","101.368.592,84","1,11","101.368.592,84","2.483.531,00","40,82","Dänemark","Omx Nordic Exchange Copenhagen A/S","DKK"
"SAN","BANCO SANTANDER SA","Financials","Aktien","101.291.452,54","1,11","101.291.452,54","11.545.817,00","8,77","Spanien","Bolsa De Madrid","EUR"
"SU","SCHNEIDER ELECTRIC","Industrie","Aktien","101.044.924,80","1,11","101.044.924,80","446.016,00","226,55","Frankreich","Nyse Euronext - Euronext Paris","EUR"
"ULVR","UNILEVER PLC","Nichtzyklische Konsumgüter","Aktien","99.769.251,94","1,10","99.769.251,94","1.966.367,00","50,74","Vereinigtes Königreich","London Stock Exchange","GBP"
"TTE","TOTALENERGIES","Energie","Aktien","97.507.273,86","1,07","97.507.273,86","1.757.838,00","55,47","Frankreich","Nyse Euronext - Euronext Paris","EUR"
"AIR","AIRBUS GROUP","Industrie","Aktien","92.952.557,25","1,02","92.952.557,25","455.315,00","204,15","Frankreich","Nyse Euronext - Euronext Paris","EUR"
"SAF","SAFRAN SA","Industrie","Aktien","86.736.883,20","0,95","86.736.883,20","289.896,00","299,20","Frankreich","Nyse Euronext - Euronext Paris","EUR"
"IBE","IBERDROLA SA","Versorger","Aktien","84.794.635,39","0,93","84.794.635,39","4.712.122,00","18,00","Spanien","Bolsa De Madrid","EUR"
"UBSG","UBS GROUP AG","Financials","Aktien","79.685.901,77","0,88","79.685.901,77","2.433.948,00","32,74","Schweiz","SIX Swiss Exchange","CHF"
"RR.","ROLLS-ROYCE HOLDINGS PLC","Industrie","Aktien","79.525.657,49","0,87","79.525.657,49","6.527.964,00","12,18","Vereinigtes Königreich","London Stock Exchange","GBP"
"BATS","BRITISH AMERICAN TOBACCO","Nichtzyklische Konsumgüter","Aktien","79.089.594,77","0,87","79.089.594,77","1.688.310,00","46,85","Vereinigtes Königreich","London Stock Exchange","GBP"
"BBVA","BANCO BILBAO VIZCAYA ARGENTARIA SA","Financials","Aktien","78.412.400,00","0,86","78.412.400,00","4.455.250,00","17,60","Spanien","Bolsa De Madrid","EUR"
"SAN","SANOFI SA","Gesundheitsversorgung","Aktien","77.200.368,72","0,85","77.200.368,72","881.484,00","87,58","Frankreich","Nyse Euronext - Euronext Paris","EUR"
"UCG","UNICREDIT","Financials","Aktien","75.746.518,42","0,83","75.746.518,42","1.206.539,00","62,78","Italien","Borsa Italiana","EUR"
"EL","ESSILORLUXOTTICA SA","Gesundheitsversorgung","Aktien","75.251.367,00","0,83","75.251.367,00","241.655,00","311,40","Frankreich","Nyse Euronext - Euronext Paris","EUR"
"AI","LAIR LIQUIDE SOCIETE ANONYME POUR","Materialien","Aktien","74.153.607,80","0,81","74.153.607,80","446.870,00","165,94","Frankreich","Nyse Euronext - Euronext Paris","EUR"
"DTE","DEUTSCHE TELEKOM N AG","Kommunikation","Aktien","73.311.478,11","0,81","73.311.478,11","2.724.321,00","26,91","Deutschland","Xetra","EUR"
"CFR","COMPAGNIE FINANCIERE RICHEMONT SA","Zyklische Konsumgüter ","Aktien","72.745.248,65","0,80","72.745.248,65","415.441,00","175,10","Schweiz","SIX Swiss Exchange","CHF"
"ABBN","ABB LTD","Industrie","Aktien","71.592.781,36","0,79","71.592.781,36","1.223.933,00","58,49","Schweiz","SIX Swiss Exchange","CHF"
"ZURN","ZURICH INSURANCE GROUP AG","Financials","Aktien","68.339.622,13","0,75","68.339.622,13","113.313,00","603,11","Schweiz","SIX Swiss Exchange","CHF"
"BP.","BP PLC","Energie","Aktien","66.331.263,27","0,73","66.331.263,27","12.746.886,00","5,20","Vereinigtes Königreich","London Stock Exchange","GBP"
"OR","LOREAL SA","Nichtzyklische Konsumgüter","Aktien","65.099.779,50","0,71","65.099.779,50","185.074,00","351,75","Frankreich","Nyse Euronext - Euronext Paris","EUR"
"GSK","GLAXOSMITHKLINE","Gesundheitsversorgung","Aktien","64.693.199,87","0,71","64.693.199,87","3.190.117,00","20,28","Vereinigtes Königreich","London Stock Exchange","GBP"
"ISP","INTESA SANPAOLO","Financials","Aktien","62.708.868,66","0,69","62.708.868,66","11.282.632,00","5,56","Italien","Borsa Italiana","EUR"
"RHM","RHEINMETALL AG","Industrie","Aktien","60.993.504,00","0,67","60.993.504,00","35.544,00","1.716,00","Deutschland","Xetra","EUR"
"ENR","SIEMENS ENERGY N AG","Industrie","Aktien","58.839.612,00","0,65","58.839.612,00","550.160,00","106,95","Deutschland","Xetra","EUR"
"PRX","PROSUS NV CLASS N","Zyklische Konsumgüter ","Aktien","57.074.132,88","0,63","57.074.132,88","971.144,00","58,77","Niederlande","Euronext Amsterdam","EUR"
"RMS","HERMES INTERNATIONAL","Zyklische Konsumgüter ","Aktien","56.648.800,00","0,62","56.648.800,00","27.235,00","2.080,00","Frankreich","Nyse Euronext - Euronext Paris","EUR"
"BNP","BNP PARIBAS SA","Financials","Aktien","54.835.919,19","0,60","54.835.919,19","822.251,00","66,69","Frankreich","Nyse Euronext - Euronext Paris","EUR"
"CS","AXA SA","Financials","Aktien","54.283.857,30","0,60","54.283.857,30","1.433.805,00","37,86","Frankreich","Nyse Euronext - Euronext Paris","EUR"
"ENEL","ENEL","Versorger","Aktien","54.250.289,32","0,60","54.250.289,32","6.024.463,00","9,01","Italien","Borsa Italiana","EUR"
"MUV2","MUENCHENER RUECKVERSICHERUNGS-GESE","Financials","Aktien","54.141.667,20","0,59","54.141.667,20","101.313,00","534,40","Deutschland","Xetra","EUR"
"NG.","NATIONAL GRID PLC","Versorger","Aktien","53.010.801,74","0,58","53.010.801,74","3.985.743,00","13,30","Vereinigtes Königreich","London Stock Exchange","GBP"
"DG","VINCI SA","Industrie","Aktien","52.130.123,40","0,57","52.130.123,40","446.702,00","116,70","Frankreich","Nyse Euronext - Euronext Paris","EUR"
"REL","RELX PLC","Industrie","Aktien","50.318.752,07","0,55","50.318.752,07","1.450.464,00","34,69","Vereinigtes Königreich","London Stock Exchange","GBP"
"INGA","ING GROEP NV","Financials","Aktien","49.962.173,70","0,55","49.962.173,70","2.336.865,00","21,38","Niederlande","Euronext Amsterdam","EUR"
"BARC","BARCLAYS PLC","Financials","Aktien","49.837.585,80","0,55","49.837.585,80","10.984.663,00","4,54","Vereinigtes Königreich","London Stock Exchange","GBP"
"RIO","RIO TINTO PLC","Materialien","Aktien","49.591.125,91","0,54","49.591.125,91","826.390,00","60,01","Vereinigtes Königreich","London Stock Exchange","GBP"
"BA.","BAE SYSTEMS PLC","Industrie","Aktien","47.748.774,10","0,52","47.748.774,10","2.331.082,00","20,48","Vereinigtes Königreich","London Stock Exchange","GBP"
"LLOY","LLOYDS BANKING GROUP PLC","Financials","Aktien","45.942.310,29","0,50","45.942.310,29","45.446.993,00","1,01","Vereinigtes Königreich","London Stock Exchange","GBP"
"DBK","DEUTSCHE BANK AG","Financials","Aktien","44.426.194,86","0,49","44.426.194,86","1.506.228,00","29,50","Deutschland","Xetra","EUR"
"NWG","NATWEST GROUP PLC","Financials","Aktien","42.175.214,64","0,46","42.175.214,64","6.359.451,00","6,63","Vereinigtes Königreich","London Stock Exchange","GBP"
"ABI","ANHEUSER-BUSCH INBEV SA","Nichtzyklische Konsumgüter","Aktien","41.897.727,84","0,46","41.897.727,84","796.232,00","52,62","Belgien","Nyse Euronext - Euronext Brussels","EUR"
"EUR","EUR CASH","Cash und/oder Derivate","Geldmarkt","41.543.556,59","0,46","41.543.556,59","41.543.557,00","100,00","Europäische Union","-","EUR"
"ITX","INDUSTRIA DE DISENO TEXTIL SA","Zyklische Konsumgüter ","Aktien","40.099.127,79","0,44","40.099.127,79","860.681,00","46,59","Spanien","Bolsa De Madrid","EUR"
"INVE B","INVESTOR CLASS B","Financials","Aktien","39.465.076,68","0,43","39.465.076,68","1.409.673,00","28,00","Schweden","Nasdaq Omx Nordic","SEK"
"BN","DANONE SA","Nichtzyklische Konsumgüter","Aktien","38.491.250,72","0,42","38.491.250,72","495.128,00","77,74","Frankreich","Nyse Euronext - Euronext Paris","EUR"
"LSEG","LONDON STOCK EXCHANGE GROUP PLC","Financials","Aktien","38.011.214,67","0,42","38.011.214,67","393.230,00","96,66","Vereinigtes Königreich","London Stock Exchange","GBP"
"CPG","COMPASS GROUP PLC","Zyklische Konsumgüter ","Aktien","37.889.481,93","0,42","37.889.481,93","1.362.778,00","27,80","Vereinigtes Königreich","London Stock Exchange","GBP"
"ARGX","ARGENX","Gesundheitsversorgung","Aktien","37.191.164,60","0,41","37.191.164,60","47.161,00","788,60","Belgien","Nyse Euronext - Euronext Brussels","EUR"
"NDA FI","NORDEA BANK","Financials","Aktien","36.790.480,30","0,40","36.790.480,30","2.546.054,00","14,45","Finnland","Nasdaq Omx Helsinki Ltd.","EUR"
"SREN","SWISS RE AG","Financials","Aktien","34.967.968,24","0,38","34.967.968,24","230.679,00","151,59","Schweiz","SIX Swiss Exchange","CHF"
"RKT","RECKITT BENCKISER GROUP PLC","Nichtzyklische Konsumgüter","Aktien","34.485.240,54","0,38","34.485.240,54","522.135,00","66,05","Vereinigtes Königreich","London Stock Exchange","GBP"
"GLE","SOCIETE GENERALE SA","Financials","Aktien","34.472.116,16","0,38","34.472.116,16","610.342,00","56,48","Frankreich","Nyse Euronext - Euronext Paris","EUR"
"DGE","DIAGEO PLC","Nichtzyklische Konsumgüter","Aktien","33.750.293,88","0,37","33.750.293,88","1.717.622,00","19,65","Vereinigtes Königreich","London Stock Exchange","GBP"
"IFX","INFINEON TECHNOLOGIES AG","IT","Aktien","33.435.410,18","0,37","33.435.410,18","1.013.655,00","32,98","Deutschland","Xetra","EUR"
"RACE","FERRARI NV","Zyklische Konsumgüter ","Aktien","32.137.713,00","0,35","32.137.713,00","93.915,00","342,20","Italien","Borsa Italiana","EUR"
"MBG","MERCEDES-BENZ GROUP N AG","Zyklische Konsumgüter ","Aktien","31.692.526,96","0,35","31.692.526,96","560.632,00","56,53","Deutschland","Xetra","EUR"
"ENGI","ENGIE SA","Versorger","Aktien","31.614.453,30","0,35","31.614.453,30","1.440.294,00","21,95","Frankreich","Nyse Euronext - Euronext Paris","EUR"
"LONN","LONZA GROUP AG","Gesundheitsversorgung","Aktien","31.292.631,38","0,34","31.292.631,38","54.690,00","572,18","Schweiz","SIX Swiss Exchange","CHF"
"HOLN","HOLCIM LTD AG","Materialien","Aktien","30.859.054,99","0,34","30.859.054,99","410.071,00","75,25","Schweiz","SIX Swiss Exchange","CHF"
"SGO","COMPAGNIE DE SAINT GOBAIN SA","Industrie","Aktien","30.827.701,44","0,34","30.827.701,44","385.732,00","79,92","Frankreich","Nyse Euronext - Euronext Paris","EUR"
"DB1","DEUTSCHE BOERSE AG","Financials","Aktien","30.561.358,10","0,34","30.561.358,10","146.017,00","209,30","Deutschland","Xetra","EUR"
"GLEN","GLENCORE PLC","Materialien","Aktien","30.302.852,48","0,33","30.302.852,48","7.508.155,00","4,04","Vereinigtes Königreich","London Stock Exchange","GBP"
"DHL","DEUTSCHE POST AG","Industrie","Aktien","30.283.628,73","0,33","30.283.628,73","719.497,00","42,09","Deutschland","Xetra","EUR"
"ADYEN","ADYEN NV","Financials","Aktien","30.117.288,40","0,33","30.117.288,40","22.882,00","1.316,20","Niederlande","Euronext Amsterdam","EUR"
"VOLV B","VOLVO CLASS B","Industrie","Aktien","29.153.544,04","0,32","29.153.544,04","1.228.474,00","23,73","Schweden","Nasdaq Omx Nordic","SEK"
"BAS","BASF N","Materialien","Aktien","28.999.325,20","0,32","28.999.325,20","692.108,00","41,90","Deutschland","Xetra","EUR"
"HLN","HALEON PLC","Gesundheitsversorgung","Aktien","28.506.308,82","0,31","28.506.308,82","6.853.928,00","4,16","Vereinigtes Königreich","London Stock Exchange","GBP"
"DSV","DSV","Industrie","Aktien","27.919.010,30","0,31","27.919.010,30","153.438,00","181,96","Dänemark","Omx Nordic Exchange Copenhagen A/S","DKK"
"III","3I GROUP PLC","Financials","Aktien","27.796.940,67","0,31","27.796.940,67","747.697,00","37,18","Vereinigtes Königreich","London Stock Exchange","GBP"
"ENI","ENI","Energie","Aktien","27.173.348,62","0,30","27.173.348,62","1.664.014,00","16,33","Italien","Borsa Italiana","EUR"
"G","ASSICURAZIONI GENERALI","Financials","Aktien","27.173.539,40","0,30","27.173.539,40","829.220,00","32,77","Italien","Borsa Italiana","EUR"
"ATCO A","ATLAS COPCO CLASS A","Industrie","Aktien","27.153.630,75","0,30","27.153.630,75","1.986.276,00","13,67","Schweden","Nasdaq Omx Nordic","SEK"
"EOAN","E.ON N","Versorger","Aktien","26.471.523,31","0,29","26.471.523,31","1.720.606,00","15,39","Deutschland","Xetra","EUR"
"EXPN","EXPERIAN PLC","Industrie","Aktien","26.125.002,67","0,29","26.125.002,67","699.734,00","37,34","Vereinigtes Königreich","London Stock Exchange","GBP"
"STAN","STANDARD CHARTERED PLC","Financials","Aktien","26.068.741,95","0,29","26.068.741,95","1.470.187,00","17,73","Vereinigtes Königreich","London Stock Exchange","GBP"
"AAL","ANGLO AMERICAN PLC","Materialien","Aktien","25.987.834,49","0,29","25.987.834,49","841.307,00","30,89","Vereinigtes Königreich","London Stock Exchange","GBP"
"LR","LEGRAND SA","Industrie","Aktien","25.743.977,90","0,28","25.743.977,90","202.549,00","127,10","Frankreich","Nyse Euronext - Euronext Paris","EUR"
"TSCO","TESCO PLC","Nichtzyklische Konsumgüter","Aktien","25.558.040,86","0,28","25.558.040,86","5.105.791,00","5,01","Vereinigtes Königreich","London Stock Exchange","GBP"
"ALC","ALCON AG","Gesundheitsversorgung","Aktien","25.144.414,20","0,28","25.144.414,20","387.981,00","64,81","Schweiz","SIX Swiss Exchange","CHF"
"CABK","CAIXABANK SA","Financials","Aktien","25.141.111,81","0,28","25.141.111,81","2.790.976,00","9,01","Spanien","Bolsa De Madrid","EUR"
"AD","KONINKLIJKE AHOLD DELHAIZE NV","Nichtzyklische Konsumgüter","Aktien","24.921.290,94","0,27","24.921.290,94","702.206,00","35,49","Niederlande","Euronext Amsterdam","EUR"
"ASSA B","ASSA ABLOY B","Industrie","Aktien","23.756.022,48","0,26","23.756.022,48","761.275,00","31,21","Schweden","Nasdaq Omx Nordic","SEK"
"RWE","RWE AG","Versorger","Aktien","23.186.620,83","0,25","23.186.620,83","517.443,00","44,81","Deutschland","Xetra","EUR"
"PRU","PRUDENTIAL PLC","Financials","Aktien","22.423.557,37","0,25","22.423.557,37","1.890.866,00","11,86","Vereinigtes Königreich","London Stock Exchange","GBP"
"GIVN","GIVAUDAN SA","Materialien","Aktien","22.350.127,98","0,25","22.350.127,98","6.264,00","3.568,03","Schweiz","SIX Swiss Exchange","CHF"
"NOKIA","NOKIA","IT","Aktien","22.226.297,76","0,24","22.226.297,76","3.938.040,00","5,64","Finnland","Nasdaq Omx Helsinki Ltd.","EUR"
"UCB","UCB SA","Gesundheitsversorgung","Aktien","21.876.828,00","0,24","21.876.828,00","95.951,00","228,00","Belgien","Nyse Euronext - Euronext Brussels","EUR"
"AMS","AMADEUS IT GROUP SA","Zyklische Konsumgüter ","Aktien","21.836.242,48","0,24","21.836.242,48","350.389,00","62,32","Spanien","Bolsa De Madrid","EUR"
"IMB","IMPERIAL BRANDS PLC","Nichtzyklische Konsumgüter","Aktien","21.708.087,34","0,24","21.708.087,34","592.415,00","36,64","Vereinigtes Königreich","London Stock Exchange","GBP"
"SSE","SSE PLC","Versorger","Aktien","21.450.607,69","0,24","21.450.607,69","849.155,00","25,26","Vereinigtes Königreich","London Stock Exchange","GBP"
"ORA","ORANGE SA","Kommunikation","Aktien","21.331.270,88","0,23","21.331.270,88","1.528.028,00","13,96","Frankreich","Nyse Euronext - Euronext Paris","EUR"
"EQT","EQT","Financials","Aktien","21.037.063,96","0,23","21.037.063,96","728.713,00","28,87","Schweden","Nasdaq Omx Nordic","SEK"
"BAYN","BAYER AG","Gesundheitsversorgung","Aktien","20.905.342,85","0,23","20.905.342,85","763.805,00","27,37","Deutschland","Xetra","EUR"
"SAND","SANDVIK","Industrie","Aktien","20.740.079,32","0,23","20.740.079,32","823.169,00","25,20","Schweden","Nasdaq Omx Nordic","SEK"
"FER","FERROVIAL","Industrie","Aktien","20.677.539,80","0,23","20.677.539,80","384.770,00","53,74","Spanien","Bolsa De Madrid","EUR"
"EBS","ERSTE GROUP BANK AG","Financials","Aktien","20.533.348,05","0,23","20.533.348,05","233.201,00","88,05","Österreich","Wiener Boerse Ag","EUR"
"HEI","HEIDELBERG MATERIALS AG","Materialien","Aktien","20.527.312,00","0,23","20.527.312,00","98.689,00","208,00","Deutschland","Xetra","EUR"
"ADS","ADIDAS N AG","Zyklische Konsumgüter ","Aktien","20.395.135,80","0,22","20.395.135,80","132.522,00","153,90","Deutschland","Xetra","EUR"
"SLHN","SWISS LIFE HOLDING AG","Financials","Aktien","20.308.472,46","0,22","20.308.472,46","22.134,00","917,52","Schweiz","SIX Swiss Exchange","CHF"
"SDZ","SANDOZ GROUP AG","Gesundheitsversorgung","Aktien","20.083.639,08","0,22","20.083.639,08","344.747,00","58,26","Schweiz","SIX Swiss Exchange","CHF"
"SIKA","SIKA AG","Materialien","Aktien","20.059.416,32","0,22","20.059.416,32","125.186,00","160,24","Schweiz","SIX Swiss Exchange","CHF"
"SEB A","SKANDINAVISKA ENSKILDA BANKEN","Financials","Aktien","19.653.592,25","0,22","19.653.592,25","1.222.573,00","16,08","Schweden","Nasdaq Omx Nordic","SEK"
"DANSKE","DANSKE BANK","Financials","Aktien","19.390.739,28","0,21","19.390.739,28","508.340,00","38,15","Dänemark","Omx Nordic Exchange Copenhagen A/S","DKK"
"SAMPO","SAMPO CLASS A","Financials","Aktien","19.112.318,44","0,21","19.112.318,44","1.939.943,00","9,85","Finnland","Nasdaq Omx Helsinki Ltd.","EUR"
"PRY","PRYSMIAN","Industrie","Aktien","18.592.602,00","0,20","18.592.602,00","229.425,00","81,04","Italien","Borsa Italiana","EUR"
"ERIC B","ERICSSON B","IT","Aktien","18.463.672,84","0,20","18.463.672,84","2.247.279,00","8,22","Schweden","Nasdaq Omx Nordic","SEK"
"BMW","BMW AG","Zyklische Konsumgüter ","Aktien","18.446.059,44","0,20","18.446.059,44","217.884,00","84,66","Deutschland","Xetra","EUR"
"CBK","COMMERZBANK AG","Financials","Aktien","18.423.062,30","0,20","18.423.062,30","587.845,00","31,34","Deutschland","Xetra","EUR"
"UMG","UNIVERSAL MUSIC GROUP NV","Kommunikation","Aktien","18.377.786,96","0,20","18.377.786,96","851.612,00","21,58","Niederlande","Euronext Amsterdam","EUR"
"SWED A","SWEDBANK","Financials","Aktien","18.308.923,34","0,20","18.308.923,34","706.534,00","25,91","Schweden","Nasdaq Omx Nordic","SEK"
"KBC","KBC GROEP","Financials","Aktien","18.039.092,45","0,20","18.039.092,45","173.203,00","104,15","Belgien","Nyse Euronext - Euronext Brussels","EUR"
"KNEBV","KONE","Industrie","Aktien","17.840.810,16","0,20","17.840.810,16","313.657,00","56,88","Finnland","Nasdaq Omx Helsinki Ltd.","EUR"
"HO","THALES SA","Industrie","Aktien","17.793.226,80","0,20","17.793.226,80","74.511,00","238,80","Frankreich","Nyse Euronext - Euronext Paris","EUR"
"AHT","ASHTEAD GROUP PLC","Industrie","Aktien","17.630.747,73","0,19","17.630.747,73","335.409,00","52,56","Vereinigtes Königreich","London Stock Exchange","GBP"
"ASM","ASM INTERNATIONAL NV","IT","Aktien","17.525.403,60","0,19","17.525.403,60","35.898,00","488,20","Niederlande","Euronext Amsterdam","EUR"
"PGHN","PARTNERS GROUP HOLDING AG","Financials","Aktien","17.281.456,47","0,19","17.281.456,47","17.449,00","990,40","Schweiz","SIX Swiss Exchange","CHF"
"GEBN","GEBERIT AG","Industrie","Aktien","17.263.270,34","0,19","17.263.270,34","26.540,00","650,46","Schweiz","SIX Swiss Exchange","CHF"
"KER","KERING SA","Zyklische Konsumgüter ","Aktien","17.219.923,20","0,19","17.219.923,20","55.584,00","309,80","Frankreich","Nyse Euronext - Euronext Paris","EUR"
"AMRZ","AMRIZE AG","Materialien","Aktien","17.161.939,20","0,19","17.161.939,20","419.470,00","40,91","Schweiz","SIX Swiss Exchange","CHF"
"WKL","WOLTERS KLUWER NV","Industrie","Aktien","16.863.462,74","0,19","16.863.462,74","186.419,00","90,46","Niederlande","Euronext Amsterdam","EUR"
"AV.","AVIVA PLC","Financials","Aktien","16.845.626,41","0,18","16.845.626,41","2.317.973,00","7,27","Vereinigtes Königreich","London Stock Exchange","GBP"
"CAP","CAPGEMINI","IT","Aktien","16.704.540,00","0,18","16.704.540,00","131.016,00","127,50","Frankreich","Nyse Euronext - Euronext Paris","EUR"
"RYA","RYANAIR HOLDINGS PLC","Industrie","Aktien","16.616.232,20","0,18","16.616.232,20","646.546,00","25,70","Irland","Irish Stock Exchange - All Market","EUR"
"GALD","GALDERMA GROUP N AG","Gesundheitsversorgung","Aktien","16.520.335,53","0,18","16.520.335,53","104.653,00","157,86","Schweiz","SIX Swiss Exchange","CHF"
"VOD","VODAFONE GROUP PLC","Kommunikation","Aktien","15.994.272,08","0,18","15.994.272,08","15.148.419,00","1,06","Vereinigtes Königreich","London Stock Exchange","GBP"
"VWS","VESTAS WIND SYSTEMS","Industrie","Aktien","15.951.935,18","0,18","15.951.935,18","789.806,00","20,20","Dänemark","Omx Nordic Exchange Copenhagen A/S","DKK"
"HEXA B","HEXAGON CLASS B","IT","Aktien","15.729.402,12","0,17","15.729.402,12","1.592.933,00","9,87","Schweden","Nasdaq Omx Nordic","SEK"
"LDO","LEONARDO FINMECCANICA SPA","Industrie","Aktien","15.667.124,88","0,17","15.667.124,88","312.343,00","50,16","Italien","Borsa Italiana","EUR"
"PUB","PUBLICIS GROUPE SA","Kommunikation","Aktien","15.453.840,78","0,17","15.453.840,78","183.059,00","84,42","Frankreich","Nyse Euronext - Euronext Paris","EUR"
"FRE","FRESENIUS SE AND CO KGAA","Gesundheitsversorgung","Aktien","15.406.002,56","0,17","15.406.002,56","324.064,00","47,54","Deutschland","Xetra","EUR"
"VIE","VEOLIA ENVIRON. SA","Versorger","Aktien","15.261.146,20","0,17","15.261.146,20","533.420,00","28,61","Frankreich","Nyse Euronext - Euronext Paris","EUR"
"HEIA","HEINEKEN NV","Nichtzyklische Konsumgüter","Aktien","15.222.840,60","0,17","15.222.840,60","222.882,00","68,30","Niederlande","Euronext Amsterdam","EUR"
"VOW3","VOLKSWAGEN NON-VOTING PREF AG","Zyklische Konsumgüter ","Aktien","15.210.429,90","0,17","15.210.429,90","160.617,00","94,70","Deutschland","Xetra","EUR"
"ML","MICHELIN","Zyklische Konsumgüter ","Aktien","15.150.631,72","0,17","15.150.631,72","549.334,00","27,58","Frankreich","Nyse Euronext - Euronext Paris","EUR"
"REP","REPSOL SA","Energie","Aktien","14.952.631,95","0,16","14.952.631,95","892.961,00","16,75","Spanien","Bolsa De Madrid","EUR"
"MTX","MTU AERO ENGINES HOLDING AG","Industrie","Aktien","14.777.832,40","0,16","14.777.832,40","41.828,00","353,30","Deutschland","Xetra","EUR"
"DNB","DNB BANK","Financials","Aktien","14.714.189,12","0,16","14.714.189,12","662.613,00","22,21","Norwegen","Oslo Bors Asa","NOK"
"DTG","DAIMLER TRUCK HOLDING E AG","Industrie","Aktien","14.614.250,36","0,16","14.614.250,36","421.646,00","34,66","Deutschland","Xetra","EUR"
"PHIA","KONINKLIJKE PHILIPS NV","Gesundheitsversorgung","Aktien","14.366.317,14","0,16","14.366.317,14","606.942,00","23,67","Niederlande","Euronext Amsterdam","EUR"
"BMPS","BANCA MONTE DEI PASCHI DI SIENA SP","Financials","Aktien","14.343.861,98","0,16","14.343.861,98","1.705.775,00","8,41","Italien","Borsa Italiana","EUR"
"NSIS B","NOVOZYMES B","Materialien","Aktien","14.281.968,29","0,16","14.281.968,29","266.474,00","53,60","Dänemark","Omx Nordic Exchange Copenhagen A/S","DKK"
"VNA","VONOVIA SE","Immobilien","Aktien","14.147.264,82","0,16","14.147.264,82","548.769,00","25,78","Deutschland","Xetra","EUR"
"ACA","CREDIT AGRICOLE SA","Financials","Aktien","13.901.304,36","0,15","13.901.304,36","875.397,00","15,88","Frankreich","Nyse Euronext - Euronext Paris","EUR"
"NXT","NEXT PLC","Zyklische Konsumgüter ","Aktien","13.896.446,82","0,15","13.896.446,82","88.575,00","156,89","Vereinigtes Königreich","London Stock Exchange","GBP"
"SHB A","SVENSKA HANDELSBANKEN-A SHS","Financials","Aktien","13.752.285,80","0,15","13.752.285,80","1.220.235,00","11,27","Schweden","Nasdaq Omx Nordic","SEK"
"STLAM","STELLANTIS NV","Zyklische Konsumgüter ","Aktien","13.025.271,98","0,14","13.025.271,98","1.551.736,00","8,39","Italien","Borsa Italiana","EUR"
"AENA","AENA SME SA","Industrie","Aktien","12.949.338,60","0,14","12.949.338,60","577.065,00","22,44","Spanien","Bolsa De Madrid","EUR"
"DSY","DASSAULT SYSTEMES","IT","Aktien","12.933.141,92","0,14","12.933.141,92","557.944,00","23,18","Frankreich","Nyse Euronext - Euronext Paris","EUR"
"GMAB","GENMAB","Gesundheitsversorgung","Aktien","12.900.271,94","0,14","12.900.271,94","50.287,00","256,53","Dänemark","Omx Nordic Exchange Copenhagen A/S","DKK"
"IHG","INTERCONTINENTAL HOTELS GROUP PLC","Zyklische Konsumgüter ","Aktien","12.806.023,92","0,14","12.806.023,92","118.511,00","108,06","Vereinigtes Königreich","London Stock Exchange","GBP"
"SAB","BANCO DE SABADELL SA","Financials","Aktien","12.741.835,52","0,14","12.741.835,52","4.132.934,00","3,08","Spanien","Bolsa De Madrid","EUR"
"SGSN","SGS SA","Industrie","Aktien","12.675.848,92","0,14","12.675.848,92","131.549,00","96,36","Schweiz","SIX Swiss Exchange","CHF"
"A5G","AIB GROUP PLC","Financials","Aktien","12.667.179,33","0,14","12.667.179,33","1.557.121,00","8,13","Irland","Irish Stock Exchange - All Market","EUR"
"SCMN","SWISSCOM AG","Kommunikation","Aktien","12.424.953,96","0,14","12.424.953,96","19.779,00","628,19","Schweiz","SIX Swiss Exchange","CHF"
"ACS","ACS ACTIVIDADES DE CONSTRUCCION Y","Industrie","Aktien","12.238.303,00","0,13","12.238.303,00","158.939,00","77,00","Spanien","Bolsa De Madrid","EUR"
"SAAB B","SAAB CLASS B","Industrie","Aktien","12.193.847,73","0,13","12.193.847,73","260.253,00","46,85","Schweden","Nasdaq Omx Nordic","SEK"
"RI","PERNOD RICARD SA","Nichtzyklische Konsumgüter","Aktien","12.098.899,36","0,13","12.098.899,36","154.244,00","78,44","Frankreich","Nyse Euronext - Euronext Paris","EUR"
"HNR1","HANNOVER RUECK","Financials","Aktien","11.903.548,80","0,13","11.903.548,80","46.644,00","255,20","Deutschland","Xetra","EUR"
"LGEN","LEGAL AND GENERAL GROUP PLC","Financials","Aktien","11.812.811,40","0,13","11.812.811,40","4.433.306,00","2,66","Vereinigtes Königreich","London Stock Exchange","GBP"
"NN","NN GROUP NV","Financials","Aktien","11.742.072,72","0,13","11.742.072,72","195.636,00","60,02","Niederlande","Euronext Amsterdam","EUR"
"ABN","ABN AMRO BANK NV","Financials","Aktien","11.624.451,93","0,13","11.624.451,93","440.487,00","26,39","Niederlande","Euronext Amsterdam","EUR"
"KPN","KONINKLIJKE KPN NV","Kommunikation","Aktien","11.575.915,82","0,13","11.575.915,82","2.990.420,00","3,87","Niederlande","Euronext Amsterdam","EUR"
"PKO","POWSZECHNA KASA OSZCZEDNOSCI BANK","Financials","Aktien","11.416.536,50","0,13","11.416.536,50","658.678,00","17,33","Polen","Warsaw Stock Exchange/Equities/Main Market","PLN"
"EQNR","EQUINOR","Energie","Aktien","11.369.848,41","0,12","11.369.848,41","552.047,00","20,60","Norwegen","Oslo Bors Asa","NOK"
"BAMI","BANCO BPM","Financials","Aktien","11.178.034,48","0,12","11.178.034,48","888.556,00","12,58","Italien","Borsa Italiana","EUR"
"MRK","MERCK","Gesundheitsversorgung","Aktien","11.090.194,50","0,12","11.090.194,50","99.330,00","111,65","Deutschland","Xetra","EUR"
"MT","ARCELORMITTAL SA","Materialien","Aktien","11.022.309,86","0,12","11.022.309,86","325.046,00","33,91","Frankreich","Euronext Amsterdam","EUR"
"LOGN","LOGITECH INTERNATIONAL SA","IT","Aktien","10.980.754,95","0,12","10.980.754,95","113.019,00","97,16","Schweiz","SIX Swiss Exchange","CHF"
"HLMA","HALMA PLC","IT","Aktien","10.972.851,84","0,12","10.972.851,84","290.019,00","37,83","Vereinigtes Königreich","London Stock Exchange","GBP"
"BPE","BPER BANCA","Financials","Aktien","10.778.325,67","0,12","10.778.325,67","1.069.809,00","10,07","Italien","Borsa Italiana","EUR"
"BIRG","BANK OF IRELAND GROUP PLC","Financials","Aktien","10.760.705,20","0,12","10.760.705,20","722.680,00","14,89","Irland","Irish Stock Exchange - All Market","EUR"
"TEF","TELEFONICA SA","Kommunikation","Aktien","10.749.158,24","0,12","10.749.158,24","2.959.570,00","3,63","Spanien","Bolsa De Madrid","EUR"
"INF","INFORMA PLC","Kommunikation","Aktien","10.672.447,25","0,12","10.672.447,25","1.033.918,00","10,32","Vereinigtes Königreich","London Stock Exchange","GBP"
"SHL","SIEMENS HEALTHINEERS AG","Gesundheitsversorgung","Aktien","10.482.166,49","0,12","10.482.166,49","252.157,00","41,57","Deutschland","Xetra","EUR"
"ESSITY B","ESSITY CLASS B","Nichtzyklische Konsumgüter","Aktien","10.464.928,56","0,11","10.464.928,56","447.487,00","23,39","Schweden","Nasdaq Omx Nordic","SEK"
"PKN","ORLEN SA","Energie","Aktien","10.411.391,61","0,11","10.411.391,61","438.706,00","23,73","Polen","Warsaw Stock Exchange/Equities/Main Market","PLN"
"TRN","TERNA RETE ELETTRICA NAZIONALE","Versorger","Aktien","10.276.355,35","0,11","10.276.355,35","1.133.005,00","9,07","Italien","Borsa Italiana","EUR"
"LISP","CHOCOLADEFABRIKEN LINDT & SPRUENGL","Nichtzyklische Konsumgüter","Aktien","9.960.874,84","0,11","9.960.874,84","769,00","12.953,03","Schweiz","SIX Swiss Exchange","CHF"
"STMMI","STMICROELECTRONICS NV","IT","Aktien","9.960.881,62","0,11","9.960.881,62","516.965,00","19,27","Frankreich","Borsa Italiana","EUR"
"FBK","FINECOBANK BANCA FINECO","Financials","Aktien","9.957.689,82","0,11","9.957.689,82","481.746,00","20,67","Italien","Borsa Italiana","EUR"
"DSFIR","DSM FIRMENICH AG","Materialien","Aktien","9.927.922,36","0,11","9.927.922,36","141.706,00","70,06","Niederlande","Euronext Amsterdam","EUR"
"BAER","JULIUS BAER GRUPPE AG","Financials","Aktien","9.795.936,80","0,11","9.795.936,80","161.787,00","60,55","Schweiz","SIX Swiss Exchange","CHF"
"WRT1V","WARTSILA","Industrie","Aktien","9.782.612,70","0,11","9.782.612,70","381.835,00","25,62","Finnland","Nasdaq Omx Helsinki Ltd.","EUR"
"BT.A","BT GROUP PLC","Kommunikation","Aktien","9.707.228,32","0,11","9.707.228,32","4.832.752,00","2,01","Vereinigtes Königreich","London Stock Exchange","GBP"
"CLNX","CELLNEX TELECOM SA","Kommunikation","Aktien","9.690.835,20","0,11","9.690.835,20","383.340,00","25,28","Spanien","Bolsa De Madrid","EUR"
"MONC","MONCLER","Zyklische Konsumgüter ","Aktien","9.662.202,24","0,11","9.662.202,24","174.534,00","55,36","Italien","Borsa Italiana","EUR"
"KRZ","KERRY GROUP PLC","Nichtzyklische Konsumgüter","Aktien","9.650.529,90","0,11","9.650.529,90","125.169,00","77,10","Irland","Irish Stock Exchange - All Market","EUR"
"SN.","SMITH AND NEPHEW PLC","Gesundheitsversorgung","Aktien","9.618.263,58","0,11","9.618.263,58","684.342,00","14,05","Vereinigtes Königreich","London Stock Exchange","GBP"
"SCHP","SCHINDLER HOLDING PAR AG","Industrie","Aktien","9.554.966,45","0,10","9.554.966,45","31.584,00","302,53","Schweiz","SIX Swiss Exchange","CHF"
"UPM","UPM-KYMMENE","Materialien","Aktien","9.437.576,12","0,10","9.437.576,12","413.566,00","22,82","Finnland","Nasdaq Omx Helsinki Ltd.","EUR"
"STMN","STRAUMANN HOLDING AG","Gesundheitsversorgung","Aktien","9.237.677,93","0,10","9.237.677,93","90.010,00","102,63","Schweiz","SIX Swiss Exchange","CHF"
"COLO B","COLOPLAST B","Gesundheitsversorgung","Aktien","9.179.087,54","0,10","9.179.087,54","118.734,00","77,31","Dänemark","Omx Nordic Exchange Copenhagen A/S","DKK"
"SGE","THE SAGE GROUP PLC","IT","Aktien","9.145.149,84","0,10","9.145.149,84","748.947,00","12,21","Vereinigtes Königreich","London Stock Exchange","GBP"
"SRG","SNAM","Versorger","Aktien","9.114.344,42","0,10","9.114.344,42","1.601.818,00","5,69","Italien","Borsa Italiana","EUR"
"ANTO","ANTOFAGASTA PLC","Materialien","Aktien","9.053.371,73","0,10","9.053.371,73","302.533,00","29,93","Vereinigtes Königreich","London Stock Exchange","GBP"
"ALFA","ALFA LAVAL","Industrie","Aktien","9.014.429,26","0,10","9.014.429,26","227.492,00","39,63","Schweden","Nasdaq Omx Nordic","SEK"
"EN","BOUYGUES SA","Industrie","Aktien","8.773.558,24","0,10","8.773.558,24","212.332,00","41,32","Frankreich","Nyse Euronext - Euronext Paris","EUR"
"FGR","EIFFAGE SA","Industrie","Aktien","8.486.676,45","0,09","8.486.676,45","76.491,00","110,95","Frankreich","Nyse Euronext - Euronext Paris","EUR"
"HEN3","HENKEL & KGAA PREF AG","Nichtzyklische Konsumgüter","Aktien","8.449.323,50","0,09","8.449.323,50","121.573,00","69,50","Deutschland","Xetra","EUR"
"EDP","EDP ENERGIAS DE PORTUGAL SA","Versorger","Aktien","8.447.743,05","0,09","8.447.743,05","2.227.193,00","3,79","Portugal","Nyse Euronext - Euronext Lisbon","EUR"
"EPI A","EPIROC CLASS A","Industrie","Aktien","8.338.021,32","0,09","8.338.021,32","485.195,00","17,18","Schweden","Nasdaq Omx Nordic","SEK"
"ELE","ENDESA SA","Versorger","Aktien","8.123.063,85","0,09","8.123.063,85","254.243,00","31,95","Spanien","Bolsa De Madrid","EUR"
"RTO","RENTOKIL INITIAL PLC","Industrie","Aktien","8.117.231,40","0,09","8.117.231,40","1.801.731,00","4,51","Vereinigtes Königreich","London Stock Exchange","GBP"
"BOL","BOLIDEN","Materialien","Aktien","8.095.456,96","0,09","8.095.456,96","215.945,00","37,49","Schweden","Nasdaq Omx Nordic","SEK"
"IAG","INTERNATIONAL AIRLINES GROUP SA","Industrie","Aktien","8.089.042,07","0,09","8.089.042,07","1.919.750,00","4,21","Spanien","London Stock Exchange","GBP"
"SPSN","SWISS PRIME SITE AG","Immobilien","Aktien","8.021.348,83","0,09","8.021.348,83","63.900,00","125,53","Schweiz","SIX Swiss Exchange","CHF"
"SOON","SONOVA HOLDING AG","Gesundheitsversorgung","Aktien","7.992.117,92","0,09","7.992.117,92","38.043,00","210,08","Schweiz","SIX Swiss Exchange","CHF"
"ENX","EURONEXT NV","Financials","Aktien","7.845.868,80","0,09","7.845.868,80","61.488,00","127,60","Frankreich","Nyse Euronext - Euronext Paris","EUR"
"KRX","KINGSPAN GROUP PLC","Industrie","Aktien","7.683.135,00","0,08","7.683.135,00","119.675,00","64,20","Irland","Irish Stock Exchange - All Market","EUR"
"CNA","CENTRICA PLC","Versorger","Aktien","7.620.321,51","0,08","7.620.321,51","4.018.550,00","1,90","Vereinigtes Königreich","London Stock Exchange","GBP"
"PST","POSTE ITALIANE","Financials","Aktien","7.521.131,15","0,08","7.521.131,15","360.035,00","20,89","Italien","Borsa Italiana","EUR"
"CARL B","CARLSBERG AS CL B","Nichtzyklische Konsumgüter","Aktien","7.426.627,13","0,08","7.426.627,13","73.235,00","101,41","Dänemark","Omx Nordic Exchange Copenhagen A/S","DKK"
"URW","UNIBAIL RODAMCO WE STAPLED UNITS","Immobilien","Aktien","7.410.382,28","0,08","7.410.382,28","81.937,00","90,44","Frankreich","Nyse Euronext - Euronext Paris","EUR"
"SGRO","SEGRO REIT PLC","Immobilien","Aktien","7.361.825,16","0,08","7.361.825,16","924.631,00","7,96","Vereinigtes Königreich","London Stock Exchange","GBP"
"AKZA","AKZO NOBEL NV","Materialien","Aktien","7.359.550,00","0,08","7.359.550,00","133.810,00","55,00","Niederlande","Euronext Amsterdam","EUR"
"SY1","SYMRISE AG","Materialien","Aktien","7.328.095,66","0,08","7.328.095,66","104.717,00","69,98","Deutschland","Xetra","EUR"
"AC","ACCOR SA","Zyklische Konsumgüter ","Aktien","7.272.472,35","0,08","7.272.472,35","162.151,00","44,85","Frankreich","Nyse Euronext - Euronext Paris","EUR"
"ADM","ADMIRAL GROUP PLC","Financials","Aktien","7.269.176,29","0,08","7.269.176,29","202.196,00","35,95","Vereinigtes Königreich","London Stock Exchange","GBP"
"SMIN","SMITHS GROUP PLC","Industrie","Aktien","7.240.174,62","0,08","7.240.174,62","261.048,00","27,73","Vereinigtes Königreich","London Stock Exchange","GBP"
"BESI","BE SEMICONDUCTOR INDUSTRIES NV","IT","Aktien","7.190.968,25","0,08","7.190.968,25","56.555,00","127,15","Niederlande","Euronext Amsterdam","EUR"
"BALN","BALOISE HOLDING AG","Financials","Aktien","7.189.355,39","0,08","7.189.355,39","32.499,00","221,22","Schweiz","SIX Swiss Exchange","CHF"
"UU.","UNITED UTILITIES GROUP PLC","Versorger","Aktien","7.185.110,50","0,08","7.185.110,50","537.478,00","13,37","Vereinigtes Königreich","London Stock Exchange","GBP"
"AGS","AGEAS SA","Financials","Aktien","7.115.673,60","0,08","7.115.673,60","123.536,00","57,60","Belgien","Nyse Euronext - Euronext Brussels","EUR"
"KOG","KONGSBERG GRUPPEN","Industrie","Aktien","6.935.254,13","0,08","6.935.254,13","335.275,00","20,69","Norwegen","Oslo Bors Asa","NOK"
"VACN","VAT GROUP AG","Industrie","Aktien","6.871.297,26","0,08","6.871.297,26","20.474,00","335,61","Schweiz","SIX Swiss Exchange","CHF"
"KNIN","KUEHNE UND NAGEL INTERNATIONAL AG","Industrie","Aktien","6.862.527,59","0,08","6.862.527,59","42.229,00","162,51","Schweiz","SIX Swiss Exchange","CHF"
"ITRK","INTERTEK GROUP PLC","Industrie","Aktien","6.844.854,00","0,08","6.844.854,00","126.291,00","54,20","Vereinigtes Königreich","London Stock Exchange","GBP"
"BVI","BUREAU VERITAS SA","Industrie","Aktien","6.831.553,72","0,08","6.831.553,72","248.782,00","27,46","Frankreich","Nyse Euronext - Euronext Paris","EUR"
"G1A","GEA GROUP AG","Industrie","Aktien","6.747.668,80","0,07","6.747.668,80","116.944,00","57,70","Deutschland","Xetra","EUR"
"BG","BAWAG GROUP AG","Financials","Aktien","6.724.719,70","0,07","6.724.719,70","61.301,00","109,70","Österreich","Wiener Boerse Ag","EUR"
"FORTUM","FORTUM","Versorger","Aktien","6.668.975,95","0,07","6.668.975,95","357.490,00","18,66","Finnland","Nasdaq Omx Helsinki Ltd.","EUR"
"METSO","METSO CORPORATION","Industrie","Aktien","6.601.203,67","0,07","6.601.203,67","486.994,00","13,56","Finnland","Nasdaq Omx Helsinki Ltd.","EUR"
"FME","FRESENIUS MEDICAL CARE AG","Gesundheitsversorgung","Aktien","6.584.164,36","0,07","6.584.164,36","166.099,00","39,64","Deutschland","Xetra","EUR"
"BKT","BANKINTER SA","Financials","Aktien","6.573.500,30","0,07","6.573.500,30","501.220,00","13,12","Spanien","Bolsa De Madrid","EUR"
"MRO","MELROSE INDUSTRIES PLC","Industrie","Aktien","6.547.961,38","0,07","6.547.961,38","958.478,00","6,83","Vereinigtes Königreich","London Stock Exchange","GBP"
"QIA","QIAGEN NV","Gesundheitsversorgung","Aktien","6.465.090,69","0,07","6.465.090,69","171.238,00","37,76","Deutschland","Deutsche Börse AG","EUR"
"CCH","COCA COLA HBC AG","Nichtzyklische Konsumgüter","Aktien","6.427.495,33","0,07","6.427.495,33","158.386,00","40,58","Vereinigtes Königreich","London Stock Exchange","GBP"
"AGN","AEGON LTD","Financials","Aktien","6.412.745,28","0,07","6.412.745,28","981.743,00","6,53","Niederlande","Euronext Amsterdam","EUR"
"MOWI","MOWI","Nichtzyklische Konsumgüter","Aktien","6.360.918,65","0,07","6.360.918,65","343.683,00","18,51","Norwegen","Oslo Bors Asa","NOK"
"DPLM","DIPLOMA PLC","Industrie","Aktien","6.355.112,39","0,07","6.355.112,39","105.862,00","60,03","Vereinigtes Königreich","London Stock Exchange","GBP"
"EVO","EVOLUTION","Zyklische Konsumgüter ","Aktien","6.337.138,59","0,07","6.337.138,59","112.923,00","56,12","Schweden","Nasdaq Omx Nordic","SEK"
"BEI","BEIERSDORF AG","Nichtzyklische Konsumgüter","Aktien","6.288.105,74","0,07","6.288.105,74","70.637,00","89,02","Deutschland","Xetra","EUR"
"SVT","SEVERN TRENT PLC","Versorger","Aktien","6.217.353,37","0,07","6.217.353,37","201.794,00","30,81","Vereinigtes Königreich","London Stock Exchange","GBP"
"PZU","PZU SA","Financials","Aktien","6.208.099,47","0,07","6.208.099,47","446.265,00","13,91","Polen","Warsaw Stock Exchange/Equities/Main Market","PLN"
"CA","CARREFOUR SA","Nichtzyklische Konsumgüter","Aktien","6.170.801,75","0,07","6.170.801,75","475.775,00","12,97","Frankreich","Nyse Euronext - Euronext Paris","EUR"
"GALP","GALP ENERGIA SGPS SA CLASS B","Energie","Aktien","6.134.909,76","0,07","6.134.909,76","339.696,00","18,06","Portugal","Nyse Euronext - Euronext Lisbon","EUR"
"MKS","MARKS AND SPENCER GROUP PLC","Nichtzyklische Konsumgüter","Aktien","6.132.430,03","0,07","6.132.430,03","1.578.695,00","3,88","Vereinigtes Königreich","London Stock Exchange","GBP"
"BNZL","BUNZL","Industrie","Aktien","6.123.379,12","0,07","6.123.379,12","256.459,00","23,88","Vereinigtes Königreich","London Stock Exchange","GBP"
"WEIR","WEIR GROUP PLC","Industrie","Aktien","6.090.834,60","0,07","6.090.834,60","196.027,00","31,07","Vereinigtes Königreich","London Stock Exchange","GBP"
"BEAN","BELIMO N AG","Industrie","Aktien","6.054.765,27","0,07","6.054.765,27","7.542,00","802,81","Schweiz","SIX Swiss Exchange","CHF"
"WISE","WISE PLC CLASS A","Financials","Aktien","6.038.819,32","0,07","6.038.819,32","594.568,00","10,16","Vereinigtes Königreich","London Stock Exchange","GBP"
"PEO","BANK PEKAO SA","Financials","Aktien","6.003.933,15","0,07","6.003.933,15","135.790,00","44,21","Polen","Warsaw Stock Exchange/Equities/Main Market","PLN"
"STJ","ST JAMESS PLACE PLC","Financials","Aktien","5.990.529,73","0,07","5.990.529,73","406.533,00","14,74","Vereinigtes Königreich","London Stock Exchange","GBP"
"NHY","NORSK HYDRO","Materialien","Aktien","5.970.284,02","0,07","5.970.284,02","1.000.624,00","5,97","Norwegen","Oslo Bors Asa","NOK"
"MAERSK B","A P MOLLER MAERSK B","Industrie","Aktien","5.959.995,24","0,07","5.959.995,24","3.574,00","1.667,60","Dänemark","Omx Nordic Exchange Copenhagen A/S","DKK"
"ORSTED","ORSTED A/S","Versorger","Aktien","5.951.495,66","0,07","5.951.495,66","351.806,00","16,92","Dänemark","Omx Nordic Exchange Copenhagen A/S","DKK"
"TEL","TELENOR","Kommunikation","Aktien","5.944.586,44","0,07","5.944.586,44","487.847,00","12,19","Norwegen","Oslo Bors Asa","NOK"
"NESTE","NESTE","Energie","Aktien","5.935.830,60","0,07","5.935.830,60","335.832,00","17,68","Finnland","Nasdaq Omx Helsinki Ltd.","EUR"
"SKA B","SKANSKA B","Industrie","Aktien","5.919.264,22","0,07","5.919.264,22","271.704,00","21,79","Schweden","Nasdaq Omx Nordic","SEK"
"LI","KLEPIERRE REIT SA","Immobilien","Aktien","5.896.613,52","0,06","5.896.613,52","176.757,00","33,36","Frankreich","Nyse Euronext - Euronext Paris","EUR"
"ASRNL","ASR NEDERLAND NV","Financials","Aktien","5.888.507,04","0,06","5.888.507,04","103.416,00","56,94","Niederlande","Euronext Amsterdam","EUR"
"HM B","HENNES & MAURITZ","Zyklische Konsumgüter ","Aktien","5.852.061,14","0,06","5.852.061,14","371.815,00","15,74","Schweden","Nasdaq Omx Nordic","SEK"
"TELIA","TELIA COMPANY","Kommunikation","Aktien","5.832.394,00","0,06","5.832.394,00","1.744.964,00","3,34","Schweden","Nasdaq Omx Nordic","SEK"
"ALO","ALSTOM SA","Industrie","Aktien","5.827.709,16","0,06","5.827.709,16","260.631,00","22,36","Frankreich","Nyse Euronext - Euronext Paris","EUR"
"HELN","HELVETIA HOLDING AG","Financials","Aktien","5.822.051,78","0,06","5.822.051,78","26.578,00","219,06","Schweiz","SIX Swiss Exchange","CHF"
"SPIE","SPIE SA","Industrie","Aktien","5.740.924,56","0,06","5.740.924,56","133.572,00","42,98","Frankreich","Nyse Euronext - Euronext Paris","EUR"
"PSON","PEARSON PLC","Zyklische Konsumgüter ","Aktien","5.676.880,92","0,06","5.676.880,92","498.997,00","11,38","Vereinigtes Königreich","London Stock Exchange","GBP"
"TEL2 B","TELE2 B","Kommunikation","Aktien","5.670.110,43","0,06","5.670.110,43","431.707,00","13,13","Schweden","Nasdaq Omx Nordic","SEK"
"SKF B","SKF B","Industrie","Aktien","5.656.508,64","0,06","5.656.508,64","266.312,00","21,24","Schweden","Nasdaq Omx Nordic","SEK"
"PNDORA","PANDORA","Zyklische Konsumgüter ","Aktien","5.594.682,46","0,06","5.594.682,46","56.513,00","99,00","Dänemark","Omx Nordic Exchange Copenhagen A/S","DKK"
"UNI","UNIPOL ASSICURAZIONI SPA","Financials","Aktien","5.551.364,70","0,06","5.551.364,70","293.723,00","18,90","Italien","Borsa Italiana","EUR"
"ADDT B","ADDTECH CLASS B","Industrie","Aktien","5.521.151,60","0,06","5.521.151,60","200.006,00","27,60","Schweden","Nasdaq Omx Nordic","SEK"
"IMI","IMI PLC","Industrie","Aktien","5.510.987,93","0,06","5.510.987,93","203.361,00","27,10","Vereinigtes Königreich","London Stock Exchange","GBP"
"RNO","RENAULT SA","Zyklische Konsumgüter ","Aktien","5.482.460,39","0,06","5.482.460,39","160.259,00","34,21","Frankreich","Nyse Euronext - Euronext Paris","EUR"
"ABF","ASSOCIATED BRITISH FOODS PLC","Nichtzyklische Konsumgüter","Aktien","5.475.940,43","0,06","5.475.940,43","231.544,00","23,65","Vereinigtes Königreich","London Stock Exchange","GBP"
"HEIO","HEINEKEN HOLDING NV","Nichtzyklische Konsumgüter","Aktien","5.435.005,40","0,06","5.435.005,40","90.508,00","60,05","Niederlande","Euronext Amsterdam","EUR"
"MNG","M&G PLC","Financials","Aktien","5.367.758,09","0,06","5.367.758,09","1.798.497,00","2,98","Vereinigtes Königreich","London Stock Exchange","GBP"
"RXL","REXEL SA","Industrie","Aktien","5.356.912,66","0,06","5.356.912,66","175.177,00","30,58","Frankreich","Nyse Euronext - Euronext Paris","EUR"
"SOBI","SWEDISH ORPHAN BIOVITRUM","Gesundheitsversorgung","Aktien","5.353.218,55","0,06","5.353.218,55","177.334,00","30,19","Schweden","Nasdaq Omx Nordic","SEK"
"PSPN","PSP SWISS PROPERTY AG","Immobilien","Aktien","5.311.522,32","0,06","5.311.522,32","35.190,00","150,94","Schweiz","SIX Swiss Exchange","CHF"
"TREL B","TRELLEBORG B","Industrie","Aktien","5.280.597,49","0,06","5.280.597,49","153.885,00","34,32","Schweden","Nasdaq Omx Nordic","SEK"
"LIFCO B","LIFCO CLASS B","Industrie","Aktien","5.277.172,95","0,06","5.277.172,95","172.017,00","30,68","Schweden","Nasdaq Omx Nordic","SEK"
"ERF","EUROFINS SCIENTIFIC","Gesundheitsversorgung","Aktien","5.248.830,00","0,06","5.248.830,00","91.284,00","57,50","Frankreich","Nyse Euronext - Euronext Paris","EUR"
"BCP","BANCO COMERCIAL PORTUGUES SA","Financials","Aktien","5.247.904,09","0,06","5.247.904,09","6.668.239,00","0,79","Portugal","Nyse Euronext - Euronext Lisbon","EUR"
"TRYG","TRYG","Financials","Aktien","5.242.273,22","0,06","5.242.273,22","247.182,00","21,21","Dänemark","Omx Nordic Exchange Copenhagen A/S","DKK"
"BAB","BABCOCK INTERNATIONAL GROUP PLC","Industrie","Aktien","5.241.238,87","0,06","5.241.238,87","399.184,00","13,13","Vereinigtes Königreich","London Stock Exchange","GBP"
"ORK","ORKLA","Nichtzyklische Konsumgüter","Aktien","5.240.791,18","0,06","5.240.791,18","590.238,00","8,88","Norwegen","Oslo Bors Asa","NOK"
"G24","SCOUT24 N","Kommunikation","Aktien","5.197.180,35","0,06","5.197.180,35","59.979,00","86,65","Deutschland","Xetra","EUR"
"OMV","OMV AG","Energie","Aktien","5.184.814,76","0,06","5.184.814,76","108.062,00","47,98","Österreich","Wiener Boerse Ag","EUR"
"TLX","TALANX AG","Financials","Aktien","5.181.294,20","0,06","5.181.294,20","47.666,00","108,70","Deutschland","Xetra","EUR"
"EXO","EXOR NV","Financials","Aktien","5.181.584,70","0,06","5.181.584,70","72.318,00","71,65","Niederlande","Euronext Amsterdam","EUR"
"ACLN","ACCELLERON N AG","Industrie","Aktien","5.116.089,09","0,06","5.116.089,09","76.196,00","67,14","Schweiz","SIX Swiss Exchange","CHF"
"AUTO","AUTO TRADER GROUP PLC","Kommunikation","Aktien","5.105.829,45","0,06","5.105.829,45","668.932,00","7,63","Vereinigtes Königreich","London Stock Exchange","GBP"
"AKRBP","AKER BP","Energie","Aktien","5.068.253,06","0,06","5.068.253,06","230.178,00","22,02","Norwegen","Oslo Bors Asa","NOK"
"CON","CONTINENTAL AG","Zyklische Konsumgüter ","Aktien","5.024.212,48","0,06","5.024.212,48","81.088,00","61,96","Deutschland","Xetra","EUR"
"ICG","ICG PLC","Financials","Aktien","5.020.716,53","0,06","5.020.716,53","224.239,00","22,39","Vereinigtes Königreich","London Stock Exchange","GBP"
"SBRY","SAINSBURY(J) PLC","Nichtzyklische Konsumgüter","Aktien","4.970.111,99","0,05","4.970.111,99","1.375.516,00","3,61","Vereinigtes Königreich","London Stock Exchange","GBP"
"SECU B","SECURITAS B","Industrie","Aktien","4.942.175,00","0,05","4.942.175,00","390.616,00","12,65","Schweden","Nasdaq Omx Nordic","SEK"
"ORNBV","ORION CLASS B","Gesundheitsversorgung","Aktien","4.861.995,75","0,05","4.861.995,75","82.059,00","59,25","Finnland","Nasdaq Omx Helsinki Ltd.","EUR"
"PHNX","PHOENIX GROUP HOLDINGS PLC","Financials","Aktien","4.837.060,86","0,05","4.837.060,86","646.798,00","7,48","Vereinigtes Königreich","London Stock Exchange","GBP"
"BEZ","BEAZLEY PLC","Financials","Aktien","4.792.117,05","0,05","4.792.117,05","474.738,00","10,09","Vereinigtes Königreich","London Stock Exchange","GBP"
"GBLB","GROUPE BRUXELLES LAMBERT NV","Financials","Aktien","4.754.173,50","0,05","4.754.173,50","65.215,00","72,90","Belgien","Nyse Euronext - Euronext Brussels","EUR"
"KGH","KGHM POLSKA MIEDZ SA","Materialien","Aktien","4.749.526,32","0,05","4.749.526,32","106.652,00","44,53","Polen","Warsaw Stock Exchange/Equities/Main Market","PLN"
"GAW","GAMES WORKSHOP GROUP PLC","Zyklische Konsumgüter ","Aktien","4.704.490,00","0,05","4.704.490,00","25.797,00","182,36","Vereinigtes Königreich","London Stock Exchange","GBP"
"JMT","JERONIMO MARTINS SA","Nichtzyklische Konsumgüter","Aktien","4.695.989,70","0,05","4.695.989,70","220.469,00","21,30","Portugal","Nyse Euronext - Euronext Lisbon","EUR"
"BTRW","BARRATT REDROW PLC","Zyklische Konsumgüter ","Aktien","4.695.363,40","0,05","4.695.363,40","1.105.111,00","4,25","Vereinigtes Königreich","London Stock Exchange","GBP"
"IG","ITALGAS","Versorger","Aktien","4.679.939,27","0,05","4.679.939,27","496.019,00","9,44","Italien","Borsa Italiana","EUR"
"KGF","KINGFISHER PLC","Zyklische Konsumgüter ","Aktien","4.660.411,10","0,05","4.660.411,10","1.409.796,00","3,31","Vereinigtes Königreich","London Stock Exchange","GBP"
"GTT","GAZTRANSPORT & TECHNIGAZ SA","Energie","Aktien","4.656.246,50","0,05","4.656.246,50","26.381,00","176,50","Frankreich","Nyse Euronext - Euronext Paris","EUR"
"ELISA","ELISA","Kommunikation","Aktien","4.638.703,20","0,05","4.638.703,20","121.305,00","38,24","Finnland","Nasdaq Omx Helsinki Ltd.","EUR"
"TEN","TENARIS SA","Energie","Aktien","4.583.474,10","0,05","4.583.474,10","267.570,00","17,13","Italien","Borsa Italiana","EUR"
"BNR","BRENNTAG","Industrie","Aktien","4.572.678,87","0,05","4.572.678,87","96.409,00","47,43","Deutschland","Xetra","EUR"
"STERV","STORA ENSO CLASS R","Materialien","Aktien","4.501.903,29","0,05","4.501.903,29","464.401,00","9,69","Finnland","Nasdaq Omx Helsinki Ltd.","EUR"
"SCA B","SVENSKA CELLULOSA B","Materialien","Aktien","4.478.573,41","0,05","4.478.573,41","415.483,00","10,78","Schweden","Nasdaq Omx Nordic","SEK"
"REC","RECORDATI INDUSTRIA CHIMICA E FARM","Gesundheitsversorgung","Aktien","4.452.359,50","0,05","4.452.359,50","85.870,00","51,85","Italien","Borsa Italiana","EUR"
"ALE","ALLEGRO SA","Zyklische Konsumgüter ","Aktien","4.434.491,79","0,05","4.434.491,79","584.025,00","7,59","Polen","Warsaw Stock Exchange/Equities/Main Market","PLN"
"STB","STOREBRAND","Financials","Aktien","4.353.248,80","0,05","4.353.248,80","327.902,00","13,28","Norwegen","Oslo Bors Asa","NOK"
"HOT","HOCHTIEF AG","Industrie","Aktien","4.333.953,60","0,05","4.333.953,60","15.336,00","282,60","Deutschland","Xetra","EUR"
"INDU C","INDUSTRIVARDEN SERIES","Financials","Aktien","4.327.890,86","0,05","4.327.890,86","123.184,00","35,13","Schweden","Nasdaq Omx Nordic","SEK"
"NEM","NEMETSCHEK","IT","Aktien","4.325.309,95","0,05","4.325.309,95","49.517,00","87,35","Deutschland","Xetra","EUR"
"DCC","DCC PLC","Industrie","Aktien","4.303.866,88","0,05","4.303.866,88","76.928,00","55,95","Vereinigtes Königreich","London Stock Exchange","GBP"
"SRT3","SARTORIUS PREF AG","Gesundheitsversorgung","Aktien","4.274.036,50","0,05","4.274.036,50","19.055,00","224,30","Deutschland","Xetra","EUR"
"KCR","KONECRANES","Industrie","Aktien","4.269.658,40","0,05","4.269.658,40","52.582,00","81,20","Finnland","Nasdaq Omx Helsinki Ltd.","EUR"
"SQN","SWISSQUOTE GROUP HOLDING SA","Financials","Aktien","4.241.386,36","0,05","4.241.386,36","8.382,00","506,01","Schweiz","SIX Swiss Exchange","CHF"
"PAH3","PORSCHE AUTOMOBIL HOLDING PREF","Zyklische Konsumgüter ","Aktien","4.217.746,56","0,05","4.217.746,56","116.448,00","36,22","Deutschland","Xetra","EUR"
"BEIJ B","BEIJER REF CLASS B","Industrie","Aktien","4.190.891,85","0,05","4.190.891,85","318.312,00","13,17","Schweden","Nasdaq Omx Nordic","SEK"
"HSX","HISCOX LTD","Financials","Aktien","4.174.869,34","0,05","4.174.869,34","274.134,00","15,23","Vereinigtes Königreich","London Stock Exchange","GBP"
"AM","DASSAULT AVIATION SA","Industrie","Aktien","4.174.569,00","0,05","4.174.569,00","14.835,00","281,40","Frankreich","Nyse Euronext - Euronext Paris","EUR"
"NKT","NKT","Industrie","Aktien","4.163.328,24","0,05","4.163.328,24","43.673,00","95,33","Dänemark","Omx Nordic Exchange Copenhagen A/S","DKK"
"INDT","INDUTRADE","Industrie","Aktien","4.155.694,42","0,05","4.155.694,42","203.131,00","20,46","Schweden","Nasdaq Omx Nordic","SEK"
"ZAL","ZALANDO","Zyklische Konsumgüter ","Aktien","4.155.315,10","0,05","4.155.315,10","186.337,00","22,30","Deutschland","Xetra","EUR"
"WTB","WHITBREAD PLC","Zyklische Konsumgüter ","Aktien","4.153.060,10","0,05","4.153.060,10","133.613,00","31,08","Vereinigtes Königreich","London Stock Exchange","GBP"
"KBX","KNORR BREMSE AG","Industrie","Aktien","4.148.730,95","0,05","4.148.730,95","50.687,00","81,85","Deutschland","Xetra","EUR"
"SPX","SPIRAX GROUP PLC","Industrie","Aktien","4.118.866,78","0,05","4.118.866,78","53.731,00","76,66","Vereinigtes Königreich","London Stock Exchange","GBP"
"DIM","SARTORIUS STEDIM BIOTECH SA","Gesundheitsversorgung","Aktien","4.116.412,30","0,05","4.116.412,30","22.066,00","186,55","Frankreich","Nyse Euronext - Euronext Paris","EUR"
"R3NK","RENK GROUP AG","Industrie","Aktien","4.079.809,56","0,04","4.079.809,56","65.476,00","62,31","Deutschland","Xetra","EUR"
"USD","USD CASH","Cash und/oder Derivate","Geldmarkt","4.021.838,53","0,04","4.021.838,53","4.658.093,00","86,34","Vereinigte Staaten","-","USD"
"YAR","YARA INTERNATIONAL","Materialien","Aktien","3.981.868,51","0,04","3.981.868,51","128.235,00","31,05","Norwegen","Oslo Bors Asa","NOK"
"BIM","BIOMERIEUX SA","Gesundheitsversorgung","Aktien","3.971.853,50","0,04","3.971.853,50","37.435,00","106,10","Frankreich","Nyse Euronext - Euronext Paris","EUR"
"LAND","LAND SECURITIES GROUP REIT PLC","Immobilien","Aktien","3.967.466,97","0,04","3.967.466,97","583.172,00","6,80","Vereinigtes Königreich","London Stock Exchange","GBP"
"LTMC","LOTTOMATICA GROUP","Zyklische Konsumgüter ","Aktien","3.961.689,52","0,04","3.961.689,52","197.492,00","20,06","Italien","Borsa Italiana","EUR"
"TIT","TELECOM ITALIA","Kommunikation","Aktien","3.938.818,22","0,04","3.938.818,22","8.409.091,00","0,47","Italien","Borsa Italiana","EUR"
"ELI","ELIA GROUP SA","Versorger","Aktien","3.914.059,50","0,04","3.914.059,50","37.817,00","103,50","Belgien","Nyse Euronext - Euronext Brussels","EUR"
"FHZN","FLUGHAFEN ZUERICH AG","Industrie","Aktien","3.892.610,53","0,04","3.892.610,53","15.320,00","254,09","Schweiz","SIX Swiss Exchange","CHF"
"KESKOB","KESKO CLASS B","Nichtzyklische Konsumgüter","Aktien","3.865.239,00","0,04","3.865.239,00","216.540,00","17,85","Finnland","Nasdaq Omx Helsinki Ltd.","EUR"
"UHR","THE SWATCH GROUP AG","Zyklische Konsumgüter ","Aktien","3.854.773,86","0,04","3.854.773,86","21.323,00","180,78","Schweiz","SIX Swiss Exchange","CHF"
"AVOL","AVOLTA AG","Zyklische Konsumgüter ","Aktien","3.831.543,73","0,04","3.831.543,73","83.225,00","46,04","Schweiz","SIX Swiss Exchange","CHF"
"RMV","RIGHTMOVE PLC","Kommunikation","Aktien","3.796.972,09","0,04","3.796.972,09","605.041,00","6,28","Vereinigtes Königreich","London Stock Exchange","GBP"
"JDEP","JDE PEETS NV","Nichtzyklische Konsumgüter","Aktien","3.796.844,48","0,04","3.796.844,48","120.688,00","31,46","Niederlande","Euronext Amsterdam","EUR"
"GALE","GALENICA AG","Gesundheitsversorgung","Aktien","3.796.862,60","0,04","3.796.862,60","40.179,00","94,50","Schweiz","SIX Swiss Exchange","CHF"
"SYENS","SYENSQO NV","Materialien","Aktien","3.796.896,18","0,04","3.796.896,18","56.217,00","67,54","Belgien","Nyse Euronext - Euronext Brussels","EUR"
"HWDN","HOWDEN JOINERY GROUP PLC","Industrie","Aktien","3.739.547,36","0,04","3.739.547,36","417.652,00","8,95","Vereinigtes Königreich","London Stock Exchange","GBP"
"IPN","IPSEN SA","Gesundheitsversorgung","Aktien","3.724.292,40","0,04","3.724.292,40","29.028,00","128,30","Frankreich","Nyse Euronext - Euronext Paris","EUR"
"ENT","ENTAIN PLC","Zyklische Konsumgüter ","Aktien","3.723.765,06","0,04","3.723.765,06","468.098,00","7,96","Vereinigtes Königreich","London Stock Exchange","GBP"
"RILBA","RINGKJOBING LANDBOBANK","Financials","Aktien","3.717.357,51","0,04","3.717.357,51","19.917,00","186,64","Dänemark","Omx Nordic Exchange Copenhagen A/S","DKK"
"SXS","SPECTRIS PLC","IT","Aktien","3.714.828,02","0,04","3.714.828,02","79.647,00","46,64","Vereinigtes Königreich","London Stock Exchange","GBP"
"HAG","HENSOLDT AG","Industrie","Aktien","3.699.068,75","0,04","3.699.068,75","45.527,00","81,25","Deutschland","Xetra","EUR"
"P911","DR ING HC F PORSCHE PRF AG","Zyklische Konsumgüter ","Aktien","3.696.572,50","0,04","3.696.572,50","83.350,00","44,35","Deutschland","Xetra","EUR"
"IGG","IG GROUP HOLDINGS PLC","Financials","Aktien","3.671.614,94","0,04","3.671.614,94","302.375,00","12,14","Vereinigtes Königreich","London Stock Exchange","GBP"
"BRBY","BURBERRY GROUP PLC","Zyklische Konsumgüter ","Aktien","3.667.992,59","0,04","3.667.992,59","282.290,00","12,99","Vereinigtes Königreich","London Stock Exchange","GBP"
"MRL","MERLIN PROPERTIES REIT SA","Immobilien","Aktien","3.661.808,00","0,04","3.661.808,00","289.700,00","12,64","Spanien","Bolsa De Madrid","EUR"
"LPP","LPP SA","Zyklische Konsumgüter ","Aktien","3.660.253,62","0,04","3.660.253,62","977,00","3.746,42","Polen","Warsaw Stock Exchange/Equities/Main Market","PLN"
"BARN","BARRY CALLEBAUT AG","Nichtzyklische Konsumgüter","Aktien","3.658.251,63","0,04","3.658.251,63","2.722,00","1.343,96","Schweiz","SIX Swiss Exchange","CHF"
"ABVX","ABIVAX SA","Gesundheitsversorgung","Aktien","3.583.204,80","0,04","3.583.204,80","36.304,00","98,70","Frankreich","Nyse Euronext - Euronext Paris","EUR"
"FRES","FRESNILLO PLC","Materialien","Aktien","3.576.129,71","0,04","3.576.129,71","138.335,00","25,85","Vereinigtes Königreich","London Stock Exchange","GBP"
"GJF","GJENSIDIGE FORSIKRING","Financials","Aktien","3.572.708,62","0,04","3.572.708,62","153.692,00","23,25","Norwegen","Oslo Bors Asa","NOK"
"LEG","LEG IMMOBILIEN N","Immobilien","Aktien","3.559.719,80","0,04","3.559.719,80","56.147,00","63,40","Deutschland","Xetra","EUR"
"EVD","CTS EVENTIM AG","Kommunikation","Aktien","3.552.140,30","0,04","3.552.140,30","46.042,00","77,15","Deutschland","Xetra","EUR"
"GET","GETLINK","Industrie","Aktien","3.548.360,20","0,04","3.548.360,20","230.413,00","15,40","Frankreich","Nyse Euronext - Euronext Paris","EUR"
"KGX","KION GROUP AG","Industrie","Aktien","3.526.733,30","0,04","3.526.733,30","58.438,00","60,35","Deutschland","Xetra","EUR"
"EDEN","EDENRED","Financials","Aktien","3.526.886,90","0,04","3.526.886,90","191.211,00","18,45","Frankreich","Nyse Euronext - Euronext Paris","EUR"
"TE","TECHNIP ENERGIES NV","Energie","Aktien","3.523.218,16","0,04","3.523.218,16","102.004,00","34,54","Frankreich","Nyse Euronext - Euronext Paris","EUR"
"DNP","DINO POLSKA SA","Nichtzyklische Konsumgüter","Aktien","3.500.479,89","0,04","3.500.479,89","368.732,00","9,49","Polen","Warsaw Stock Exchange/Equities/Main Market","PLN"
"ISS","ISS A S","Industrie","Aktien","3.479.972,82","0,04","3.479.972,82","125.805,00","27,66","Dänemark","Omx Nordic Exchange Copenhagen A/S","DKK"
"TKA","THYSSENKRUPP AG","Materialien","Aktien","3.446.840,16","0,04","3.446.840,16","375.391,00","9,18","Deutschland","Xetra","EUR"
"PSN","PERSIMMON PLC","Zyklische Konsumgüter ","Aktien","3.445.707,77","0,04","3.445.707,77","247.360,00","13,93","Vereinigtes Königreich","London Stock Exchange","GBP"
"ACKB","ACKERMANS & VAN HAAREN NV","Industrie","Aktien","3.432.093,80","0,04","3.432.093,80","15.787,00","217,40","Belgien","Nyse Euronext - Euronext Brussels","EUR"
"BLND","BRITISH LAND REIT PLC","Immobilien","Aktien","3.424.321,82","0,04","3.424.321,82","797.015,00","4,30","Vereinigtes Königreich","London Stock Exchange","GBP"
"ANA","ACCIONA SA","Versorger","Aktien","3.409.008,00","0,04","3.409.008,00","18.960,00","179,80","Spanien","Bolsa De Madrid","EUR"
"BBY","BALFOUR BEATTY PLC","Industrie","Aktien","3.400.767,93","0,04","3.400.767,93","454.741,00","7,48","Vereinigtes Königreich","London Stock Exchange","GBP"
"BKG","BERKELEY GROUP HOLDINGS (THE) PLC","Zyklische Konsumgüter ","Aktien","3.398.042,73","0,04","3.398.042,73","77.856,00","43,65","Vereinigtes Königreich","London Stock Exchange","GBP"
"IMCD","IMCD NV","Industrie","Aktien","3.386.031,74","0,04","3.386.031,74","45.377,00","74,62","Niederlande","Euronext Amsterdam","EUR"
"AAK","AAK","Nichtzyklische Konsumgüter","Aktien","3.384.368,76","0,04","3.384.368,76","143.712,00","23,55","Schweden","Nasdaq Omx Nordic","SEK"
"CTEC","CONVATEC GROUP PLC","Gesundheitsversorgung","Aktien","3.372.309,91","0,04","3.372.309,91","1.288.667,00","2,62","Vereinigtes Königreich","London Stock Exchange","GBP"
"RED","REDEIA CORPORACION SA","Versorger","Aktien","3.364.663,83","0,04","3.364.663,83","223.269,00","15,07","Spanien","Bolsa De Madrid","EUR"
"SAVE","NORDNET","Financials","Aktien","3.343.153,04","0,04","3.343.153,04","136.990,00","24,40","Schweden","Nasdaq Omx Nordic","SEK"
"WDP","WAREHOUSES DE PAUW NV","Immobilien","Aktien","3.339.459,20","0,04","3.339.459,20","149.083,00","22,40","Belgien","Nyse Euronext - Euronext Brussels","EUR"
"SPL","SANTANDER BANK POLSKA SA","Financials","Aktien","3.312.805,91","0,04","3.312.805,91","29.055,00","114,02","Polen","Warsaw Stock Exchange/Equities/Main Market","PLN"
"BZU","BUZZI","Materialien","Aktien","3.311.003,30","0,04","3.311.003,30","66.022,00","50,15","Italien","Borsa Italiana","EUR"
"ADEN","ADECCO GROUP AG","Industrie","Aktien","3.302.708,66","0,04","3.302.708,66","127.808,00","25,84","Schweiz","SIX Swiss Exchange","CHF"
"JYSK","JYSKE BANK","Financials","Aktien","3.301.617,49","0,04","3.301.617,49","32.618,00","101,22","Dänemark","Omx Nordic Exchange Copenhagen A/S","DKK"
"VER","VERBUND AG","Versorger","Aktien","3.293.566,60","0,04","3.293.566,60","51.949,00","63,40","Österreich","Wiener Boerse Ag","EUR"
"IDR","INDRA SISTEMAS SA","IT","Aktien","3.290.967,04","0,04","3.290.967,04","66.944,00","49,16","Spanien","Bolsa De Madrid","EUR"
"SCR","SCOR","Financials","Aktien","3.287.122,02","0,04","3.287.122,02","120.939,00","27,18","Frankreich","Nyse Euronext - Euronext Paris","EUR"
"NEX","NEXANS SA","Industrie","Aktien","3.286.752,70","0,04","3.286.752,70","27.643,00","118,90","Frankreich","Nyse Euronext - Euronext Paris","EUR"
"ELIS","ELIS SA","Industrie","Aktien","3.264.146,10","0,04","3.264.146,10","134.327,00","24,30","Frankreich","Nyse Euronext - Euronext Paris","EUR"
"ZEAL","ZEALAND PHARMA","Gesundheitsversorgung","Aktien","3.252.406,60","0,04","3.252.406,60","48.467,00","67,11","Dänemark","Omx Nordic Exchange Copenhagen A/S","DKK"
"LHA","DEUTSCHE LUFTHANSA AG","Industrie","Aktien","3.248.763,21","0,04","3.248.763,21","425.565,00","7,63","Deutschland","Xetra","EUR"
"BALD B","FASTIGHETS BALDER CLASS B","Immobilien","Aktien","3.243.241,97","0,04","3.243.241,97","523.932,00","6,19","Schweden","Nasdaq Omx Nordic","SEK"
"NIBE B","NIBE INDUSTRIER CLASS B","Industrie","Aktien","3.237.004,18","0,04","3.237.004,18","1.116.009,00","2,90","Schweden","Nasdaq Omx Nordic","SEK"
"LMP","LONDONMETRIC PROPERTY REIT PLC","Immobilien","Aktien","3.229.041,68","0,04","3.229.041,68","1.496.801,00","2,16","Vereinigtes Königreich","London Stock Exchange","GBP"
"CAST","CASTELLUM","Immobilien","Aktien","3.206.318,01","0,04","3.206.318,01","334.090,00","9,60","Schweden","Nasdaq Omx Nordic","SEK"
"MSIFT","CASH COLLATERAL EUR MSIFT","Cash und/oder Derivate","Cash Collateral and Margins","3.203.000,00","0,04","3.203.000,00","3.203.000,00","100,00","Europäische Union","-","EUR"
"TUB","FINANCIERE DE TUBIZE SA","Gesundheitsversorgung","Aktien","3.182.014,80","0,03","3.182.014,80","15.926,00","199,80","Belgien","Nyse Euronext - Euronext Brussels","EUR"
"AZA","AVANZA BANK HOLDING","Financials","Aktien","3.179.673,84","0,03","3.179.673,84","100.924,00","31,51","Schweden","Nasdaq Omx Nordic","SEK"
"GETI B","GETINGE B","Gesundheitsversorgung","Aktien","3.175.108,79","0,03","3.175.108,79","168.614,00","18,83","Schweden","Nasdaq Omx Nordic","SEK"
"GF","GEORG FISCHER AG","Industrie","Aktien","3.155.274,06","0,03","3.155.274,06","56.886,00","55,47","Schweiz","SIX Swiss Exchange","CHF"
"ALK B","ALK-ABELLO CLASS B","Gesundheitsversorgung","Aktien","3.153.761,76","0,03","3.153.761,76","100.576,00","31,36","Dänemark","Omx Nordic Exchange Copenhagen A/S","DKK"
"VALMT","VALMET","Industrie","Aktien","3.146.046,08","0,03","3.146.046,08","116.176,00","27,08","Finnland","Nasdaq Omx Helsinki Ltd.","EUR"
"SAGA B","SAGAX CLASS B","Immobilien","Aktien","3.146.429,91","0,03","3.146.429,91","171.820,00","18,31","Schweden","Nasdaq Omx Nordic","SEK"
"SDR","SCHRODERS PLC","Financials","Aktien","3.143.988,37","0,03","3.143.988,37","732.541,00","4,29","Vereinigtes Königreich","London Stock Exchange","GBP"
"TEMN","TEMENOS AG","IT","Aktien","3.142.318,23","0,03","3.142.318,23","41.049,00","76,55","Schweiz","SIX Swiss Exchange","CHF"
"SOF","SOFINA SA","Financials","Aktien","3.131.827,20","0,03","3.131.827,20","13.248,00","236,40","Belgien","Nyse Euronext - Euronext Brussels","EUR"
"BMED","BANCA MEDIOLANUM","Financials","Aktien","3.112.347,82","0,03","3.112.347,82","168.874,00","18,43","Italien","Borsa Italiana","EUR"
"TW.","TAYLOR WIMPEY PLC","Zyklische Konsumgüter ","Aktien","3.112.929,37","0,03","3.112.929,37","2.743.101,00","1,13","Vereinigtes Königreich","London Stock Exchange","GBP"
"AMUN","AMUNDI SA","Financials","Aktien","3.081.086,40","0,03","3.081.086,40","47.992,00","64,20","Frankreich","Nyse Euronext - Euronext Paris","EUR"
"ABDN","ABERDEEN GROUP PLC","Financials","Aktien","3.060.178,34","0,03","3.060.178,34","1.375.825,00","2,22","Vereinigtes Königreich","London Stock Exchange","GBP"
"A2A","A2A","Versorger","Aktien","3.054.336,17","0,03","3.054.336,17","1.282.257,00","2,38","Italien","Borsa Italiana","EUR"
"JMAT","JOHNSON MATTHEY PLC","Materialien","Aktien","3.052.548,89","0,03","3.052.548,89","129.571,00","23,56","Vereinigtes Königreich","London Stock Exchange","GBP"
"SUBC","SUBSEA SA","Energie","Aktien","3.049.350,18","0,03","3.049.350,18","192.291,00","15,86","Norwegen","Oslo Bors Asa","NOK"
"EMSN","EMS-CHEMIE HOLDING AG","Materialien","Aktien","3.038.848,44","0,03","3.038.848,44","5.288,00","574,67","Schweiz","SIX Swiss Exchange","CHF"
"SECT B","SECTRA CLASS B","Gesundheitsversorgung","Aktien","3.022.336,56","0,03","3.022.336,56","117.455,00","25,73","Schweden","Nasdaq Omx Nordic","SEK"
"CRDA","CRODA INTERNATIONAL PLC","Materialien","Aktien","3.018.895,29","0,03","3.018.895,29","98.418,00","30,67","Vereinigtes Königreich","London Stock Exchange","GBP"
"ANDR","ANDRITZ AG","Industrie","Aktien","3.017.005,50","0,03","3.017.005,50","49.057,00","61,50","Österreich","Wiener Boerse Ag","EUR"
"SW","SODEXO SA","Zyklische Konsumgüter ","Aktien","2.990.372,42","0,03","2.990.372,42","65.093,00","45,94","Frankreich","Nyse Euronext - Euronext Paris","EUR"
"RBI","RAIFFEISEN BANK INTERNATIONAL AG","Financials","Aktien","2.969.317,44","0,03","2.969.317,44","95.661,00","31,04","Österreich","Wiener Boerse Ag","EUR"
"VOE","VOESTALPINE AG","Materialien","Aktien","2.967.917,24","0,03","2.967.917,24","87.446,00","33,94","Österreich","Wiener Boerse Ag","EUR"
"SYDB","SYDBANK","Financials","Aktien","2.929.022,08","0,03","2.929.022,08","42.355,00","69,15","Dänemark","Omx Nordic Exchange Copenhagen A/S","DKK"
"GFC","GECINA SA","Immobilien","Aktien","2.888.699,15","0,03","2.888.699,15","36.313,00","79,55","Frankreich","Nyse Euronext - Euronext Paris","EUR"
"BKW","BKW N AG","Versorger","Aktien","2.856.436,68","0,03","2.856.436,68","16.021,00","178,29","Schweiz","SIX Swiss Exchange","CHF"
"WPP","WPP PLC","Kommunikation","Aktien","2.853.737,43","0,03","2.853.737,43","806.770,00","3,54","Vereinigtes Königreich","London Stock Exchange","GBP"
"IP","INTERPUMP GROUP","Industrie","Aktien","2.850.468,72","0,03","2.850.468,72","67.836,00","42,02","Italien","Borsa Italiana","EUR"
"MAP","MAPFRE SA","Financials","Aktien","2.820.999,83","0,03","2.820.999,83","709.507,00","3,98","Spanien","Bolsa De Madrid","EUR"
"CVC","CVC CAPITAL PARTNERS PLC","Financials","Aktien","2.809.846,45","0,03","2.809.846,45","202.877,00","13,85","Niederlande","Euronext Amsterdam","EUR"
"BBOX","TRITAX BIG BOX REIT PLC","Immobilien","Aktien","2.800.896,76","0,03","2.800.896,76","1.664.288,00","1,68","Vereinigtes Königreich","London Stock Exchange","GBP"
"SALM","SALMAR","Nichtzyklische Konsumgüter","Aktien","2.783.000,15","0,03","2.783.000,15","58.010,00","47,97","Norwegen","Oslo Bors Asa","NOK"
"ALLN","ALLREAL HOLDING AG","Immobilien","Aktien","2.775.506,34","0,03","2.775.506,34","13.097,00","211,92","Schweiz","SIX Swiss Exchange","CHF"
"LUND B","LUNDBERGFORETAGEN CLASS B","Financials","Aktien","2.774.790,54","0,03","2.774.790,54","61.651,00","45,01","Schweden","Nasdaq Omx Nordic","SEK"
"INVP","INVESTEC PLC","Financials","Aktien","2.768.486,18","0,03","2.768.486,18","423.906,00","6,53","Vereinigtes Königreich","London Stock Exchange","GBP"
"EDPR","EDP RENOVAVEIS SA","Versorger","Aktien","2.765.628,68","0,03","2.765.628,68","242.812,00","11,39","Portugal","Nyse Euronext - Euronext Lisbon","EUR"
"CDR","CD PROJEKT SA","Kommunikation","Aktien","2.759.300,09","0,03","2.759.300,09","50.960,00","54,15","Polen","Warsaw Stock Exchange/Equities/Main Market","PLN"
"MNDI","MONDI PLC","Materialien","Aktien","2.759.623,33","0,03","2.759.623,33","293.621,00","9,40","Vereinigtes Königreich","London Stock Exchange","GBP"
"LAGR B","LAGERCRANTZ GROUP CLASS B","IT","Aktien","2.756.316,95","0,03","2.756.316,95","145.881,00","18,89","Schweden","Nasdaq Omx Nordic","SEK"
"NTGY","NATURGY ENERGY GROUP SA","Versorger","Aktien","2.752.368,00","0,03","2.752.368,00","101.190,00","27,20","Spanien","Bolsa De Madrid","EUR"
"HER","HERA","Versorger","Aktien","2.728.987,63","0,03","2.728.987,63","664.958,00","4,10","Italien","Borsa Italiana","EUR"
"DHER","DELIVERY HERO","Zyklische Konsumgüter ","Aktien","2.718.436,65","0,03","2.718.436,65","169.373,00","16,05","Deutschland","Xetra","EUR"
"SSAB B","SSAB CLASS B","Materialien","Aktien","2.715.021,46","0,03","2.715.021,46","494.533,00","5,49","Schweden","Nasdaq Omx Nordic","SEK"
"AZM","AZIMUT HOLDING","Financials","Aktien","2.707.227,46","0,03","2.707.227,46","82.462,00","32,83","Italien","Borsa Italiana","EUR"
"FNTN","FREENET AG","Kommunikation","Aktien","2.700.774,56","0,03","2.700.774,56","99.002,00","27,28","Deutschland","Xetra","EUR"
"IVG","IVECO GROUP NV","Industrie","Aktien","2.696.386,32","0,03","2.696.386,32","146.862,00","18,36","Italien","Borsa Italiana","EUR"
"RAND","RANDSTAD HOLDING","Industrie","Aktien","2.659.816,70","0,03","2.659.816,70","80.357,00","33,10","Niederlande","Euronext Amsterdam","EUR"
"SB1NO","SPAREBANK SR-NORGE","Financials","Aktien","2.658.903,63","0,03","2.658.903,63","183.118,00","14,52","Norwegen","Oslo Bors Asa","NOK"
"BWY","BELLWAY PLC","Zyklische Konsumgüter ","Aktien","2.643.837,20","0,03","2.643.837,20","86.801,00","30,46","Vereinigtes Königreich","London Stock Exchange","GBP"
"BOL","BOLLORE","Kommunikation","Aktien","2.599.944,21","0,03","2.599.944,21","564.469,00","4,61","Frankreich","Nyse Euronext - Euronext Paris","EUR"
"AG1","AUTO1 GROUP","Zyklische Konsumgüter ","Aktien","2.585.454,98","0,03","2.585.454,98","103.501,00","24,98","Deutschland","Xetra","EUR"
"ITV","ITV PLC","Kommunikation","Aktien","2.581.561,47","0,03","2.581.561,47","2.950.534,00","0,87","Vereinigtes Königreich","London Stock Exchange","GBP"
"INCH","INCHCAPE PLC","Zyklische Konsumgüter ","Aktien","2.572.512,75","0,03","2.572.512,75","311.172,00","8,27","Vereinigtes Königreich","London Stock Exchange","GBP"
"BC8","BECHTLE AG","IT","Aktien","2.561.548,74","0,03","2.561.548,74","66.327,00","38,62","Deutschland","Xetra","EUR"
"SBMO","SBM OFFSHORE NV","Energie","Aktien","2.541.164,50","0,03","2.541.164,50","103.721,00","24,50","Niederlande","Euronext Amsterdam","EUR"
"NDX1","NORDEX","Industrie","Aktien","2.531.455,52","0,03","2.531.455,52","95.096,00","26,62","Deutschland","Xetra","EUR"
"RAA","RATIONAL AG","Industrie","Aktien","2.526.592,50","0,03","2.526.592,50","4.159,00","607,50","Deutschland","Xetra","EUR"
"ENG","ENAGAS SA","Versorger","Aktien","2.526.721,05","0,03","2.526.721,05","180.030,00","14,04","Spanien","Bolsa De Madrid","EUR"
"TUI1","TUI N AG","Zyklische Konsumgüter ","Aktien","2.507.927,31","0,03","2.507.927,31","341.959,00","7,33","Vereinigtes Königreich","Xetra","EUR"
"CPR","DAVIDE CAMPARI MILANO NV","Nichtzyklische Konsumgüter","Aktien","2.495.047,86","0,03","2.495.047,86","454.637,00","5,49","Italien","Borsa Italiana","EUR"
"GRF","GRIFOLS SA CLASS A","Gesundheitsversorgung","Aktien","2.472.557,07","0,03","2.472.557,07","239.705,00","10,32","Spanien","Bolsa De Madrid","EUR"
"AED","AEDIFICA NV","Immobilien","Aktien","2.446.734,50","0,03","2.446.734,50","36.793,00","66,50","Belgien","Nyse Euronext - Euronext Brussels","EUR"
"SRP","SERCO GROUP PLC","Industrie","Aktien","2.443.884,08","0,03","2.443.884,08","874.712,00","2,79","Vereinigtes Königreich","London Stock Exchange","GBP"
"EVK","EVONIK INDUSTRIES AG","Materialien","Aktien","2.438.036,64","0,03","2.438.036,64","186.966,00","13,04","Deutschland","Xetra","EUR"
"SWEC B","SWECO CLASS B","Industrie","Aktien","2.421.266,97","0,03","2.421.266,97","170.919,00","14,17","Schweden","Nasdaq Omx Nordic","SEK"
"TEP","TELEPERFORMANCE","Industrie","Aktien","2.406.080,40","0,03","2.406.080,40","42.661,00","56,40","Frankreich","Nyse Euronext - Euronext Paris","EUR"
"DRX","DRAX GROUP PLC","Versorger","Aktien","2.401.872,50","0,03","2.401.872,50","288.158,00","8,34","Vereinigtes Königreich","London Stock Exchange","GBP"
"BC","BRUNELLO CUCINELLI","Zyklische Konsumgüter ","Aktien","2.398.605,82","0,03","2.398.605,82","28.067,00","85,46","Italien","Borsa Italiana","EUR"
"BGEO","LION FINANCE GROUP PLC","Financials","Aktien","2.385.891,09","0,03","2.385.891,09","27.041,00","88,23","Vereinigtes Königreich","London Stock Exchange","GBP"
"SPM","SAIPEM","Energie","Aktien","2.385.198,86","0,03","2.385.198,86","1.057.269,00","2,26","Italien","Borsa Italiana","EUR"
"COFB","COFINIMMO REIT SA","Immobilien","Aktien","2.383.243,30","0,03","2.383.243,30","30.574,00","77,95","Belgien","Nyse Euronext - Euronext Brussels","EUR"
"NDA","AURUBIS AG","Materialien","Aktien","2.360.544,60","0,03","2.360.544,60","21.979,00","107,40","Deutschland","Xetra","EUR"
"GBF","BILFINGER","Industrie","Aktien","2.355.290,40","0,03","2.355.290,40","24.496,00","96,15","Deutschland","Xetra","EUR"
"LOTB","LOTUS BAKERIES NV","Nichtzyklische Konsumgüter","Aktien","2.340.940,00","0,03","2.340.940,00","322,00","7.270,00","Belgien","Nyse Euronext - Euronext Brussels","EUR"
"AKE","ARKEMA SA","Materialien","Aktien","2.332.548,04","0,03","2.332.548,04","47.371,00","49,24","Frankreich","Nyse Euronext - Euronext Paris","EUR"
"AYV","AYVENS SA","Industrie","Aktien","2.318.164,20","0,03","2.318.164,20","217.260,00","10,67","Frankreich","Nyse Euronext - Euronext Paris","EUR"
"BGN","BANCA GENERALI","Financials","Aktien","2.318.254,95","0,03","2.318.254,95","44.539,00","52,05","Italien","Borsa Italiana","EUR"
"DIE","DIETEREN (D) SA","Zyklische Konsumgüter ","Aktien","2.312.417,80","0,03","2.312.417,80","15.806,00","146,30","Belgien","Nyse Euronext - Euronext Brussels","EUR"
"FRO","FRONTLINE","Energie","Aktien","2.299.065,30","0,03","2.299.065,30","105.228,00","21,85","Norwegen","Oslo Bors Asa","NOK"
"ZEG","ZEGONA COMMUNICATIONS PLC","Kommunikation","Aktien","2.290.535,18","0,03","2.290.535,18","170.330,00","13,45","Vereinigtes Königreich","London Stock Exchange","GBP"
"PNN","PENNON GROUP PLC","Versorger","Aktien","2.287.252,08","0,03","2.287.252,08","401.098,00","5,70","Vereinigtes Königreich","London Stock Exchange","GBP"
"COV","COVIVIO SA","Immobilien","Aktien","2.282.906,40","0,03","2.282.906,40","41.357,00","55,20","Frankreich","Nyse Euronext - Euronext Paris","EUR"
"SUNN","SUNRISE N CLASS A AG","Kommunikation","Aktien","2.269.655,97","0,02","2.269.655,97","49.885,00","45,50","Schweiz","SIX Swiss Exchange","CHF"
"ROR","ROTORK PLC","Industrie","Aktien","2.267.472,45","0,02","2.267.472,45","611.036,00","3,71","Vereinigtes Königreich","London Stock Exchange","GBP"
"TEG","TAG IMMOBILIEN AG","Immobilien","Aktien","2.260.827,65","0,02","2.260.827,65","160.913,00","14,05","Deutschland","Xetra","EUR"
"SFZN","SIEGFRIED HOLDING AG","Gesundheitsversorgung","Aktien","2.260.970,20","0,02","2.260.970,20","30.175,00","74,93","Schweiz","SIX Swiss Exchange","CHF"
"LATO B","LATOUR INVESTMENT CLASS B","Industrie","Aktien","2.239.103,59","0,02","2.239.103,59","108.627,00","20,61","Schweden","Nasdaq Omx Nordic","SEK"
"HUH1V","HUHTAMAKI","Materialien","Aktien","2.201.752,00","0,02","2.201.752,00","78.634,00","28,00","Finnland","Nasdaq Omx Helsinki Ltd.","EUR"
"CWK","CRANSWICK PLC","Nichtzyklische Konsumgüter","Aktien","2.195.598,98","0,02","2.195.598,98","39.606,00","55,44","Vereinigtes Königreich","London Stock Exchange","GBP"
"RUI","RUBIS","Versorger","Aktien","2.175.342,48","0,02","2.175.342,48","68.364,00","31,82","Frankreich","Nyse Euronext - Euronext Paris","EUR"
"MANTA","MANDATUM","Financials","Aktien","2.166.402,57","0,02","2.166.402,57","345.629,00","6,27","Finnland","Nasdaq Omx Helsinki Ltd.","EUR"
"MBK","MBANK SA","Financials","Aktien","2.162.541,94","0,02","2.162.541,94","8.941,00","241,87","Polen","Warsaw Stock Exchange/Equities/Main Market","PLN"
"RS1","RS GROUP PLC","Industrie","Aktien","2.162.677,68","0,02","2.162.677,68","341.531,00","6,33","Vereinigtes Königreich","London Stock Exchange","GBP"
"EMG","MAN GROUP PLC","Financials","Aktien","2.157.695,83","0,02","2.157.695,83","947.833,00","2,28","Vereinigtes Königreich","London Stock Exchange","GBP"
"FDJU","FDJ UNITED","Zyklische Konsumgüter ","Aktien","2.129.783,10","0,02","2.129.783,10","91.407,00","23,30","Frankreich","Nyse Euronext - Euronext Paris","EUR"
"MYCR","MYCRONIC","IT","Aktien","2.113.364,37","0,02","2.113.364,37","113.657,00","18,59","Schweden","Nasdaq Omx Nordic","SEK"
"CCL","CARNIVAL PLC","Zyklische Konsumgüter ","Aktien","2.106.266,87","0,02","2.106.266,87","103.113,00","20,43","Vereinigtes Königreich","London Stock Exchange","GBP"
"ARCAD","ARCADIS NV","Industrie","Aktien","2.098.837,08","0,02","2.098.837,08","58.594,00","35,82","Niederlande","Euronext Amsterdam","EUR"
"RBREW","ROYAL UNIBREW","Nichtzyklische Konsumgüter","Aktien","2.094.453,28","0,02","2.094.453,28","29.432,00","71,16","Dänemark","Omx Nordic Exchange Copenhagen A/S","DKK"
"HIK","HIKMA PHARMACEUTICALS PLC","Gesundheitsversorgung","Aktien","2.087.821,35","0,02","2.087.821,35","118.086,00","17,68","Vereinigtes Königreich","London Stock Exchange","GBP"
"KBCA","KBC ANCORA NV","Financials","Aktien","2.081.127,70","0,02","2.081.127,70","29.353,00","70,90","Belgien","Nyse Euronext - Euronext Brussels","EUR"
"SIGN","SIG GROUP N AG","Materialien","Aktien","2.079.535,26","0,02","2.079.535,26","225.742,00","9,21","Schweiz","SIX Swiss Exchange","CHF"
"REY","REPLY","IT","Aktien","2.080.189,10","0,02","2.080.189,10","18.623,00","111,70","Italien","Borsa Italiana","EUR"
"GL9","GLANBIA PLC","Nichtzyklische Konsumgüter","Aktien","2.064.048,45","0,02","2.064.048,45","141.859,00","14,55","Irland","Irish Stock Exchange - All Market","EUR"
"CMBN","CEMBRA MONEY BANK LTD","Financials","Aktien","2.047.630,18","0,02","2.047.630,18","21.243,00","96,39","Schweiz","SIX Swiss Exchange","CHF"
"HOLM B","HOLMEN CLASS B","Materialien","Aktien","2.045.847,94","0,02","2.045.847,94","65.906,00","31,04","Schweden","Nasdaq Omx Nordic","SEK"
"QQ.","QINETIQ GROUP PLC","Industrie","Aktien","2.045.964,88","0,02","2.045.964,88","413.888,00","4,94","Vereinigtes Königreich","London Stock Exchange","GBP"
"RF","EURAZEO","Financials","Aktien","2.045.429,60","0,02","2.045.429,60","38.161,00","53,60","Frankreich","Nyse Euronext - Euronext Paris","EUR"
"LIGHT","SIGNIFY NV","Industrie","Aktien","2.037.175,56","0,02","2.037.175,56","102.732,00","19,83","Niederlande","Euronext Amsterdam","EUR"
"BCVN","BC VAUD N","Financials","Aktien","2.031.080,53","0,02","2.031.080,53","20.199,00","100,55","Schweiz","SIX Swiss Exchange","CHF"
"DEMANT","DEMANT","Gesundheitsversorgung","Aktien","2.023.505,05","0,02","2.023.505,05","72.105,00","28,06","Dänemark","Omx Nordic Exchange Copenhagen A/S","DKK"
"WIE","WIENERBERGER AG","Materialien","Aktien","2.017.928,40","0,02","2.017.928,40","79.446,00","25,40","Österreich","Wiener Boerse Ag","EUR"
"NEXI","NEXI","Financials","Aktien","1.998.624,52","0,02","1.998.624,52","515.508,00","3,88","Italien","Borsa Italiana","EUR"
"FR","VALEO","Zyklische Konsumgüter ","Aktien","1.995.042,22","0,02","1.995.042,22","165.495,00","12,06","Frankreich","Nyse Euronext - Euronext Paris","EUR"
"VAR","VAR ENERGI","Energie","Aktien","1.972.122,12","0,02","1.972.122,12","701.748,00","2,81","Norwegen","Oslo Bors Asa","NOK"
"FTK","FLATEXDEGIRO N AG","Financials","Aktien","1.967.320,02","0,02","1.967.320,02","64.587,00","30,46","Deutschland","Xetra","EUR"
"BYG","BIG YELLOW GROUP PLC","Immobilien","Aktien","1.963.443,35","0,02","1.963.443,35","157.863,00","12,44","Vereinigtes Königreich","London Stock Exchange","GBP"
"AALB","AALBERTS NV","Industrie","Aktien","1.949.515,80","0,02","1.949.515,80","74.409,00","26,20","Niederlande","Euronext Amsterdam","EUR"
"UMI","UMICORE SA","Materialien","Aktien","1.946.780,16","0,02","1.946.780,16","134.912,00","14,43","Belgien","Nyse Euronext - Euronext Brussels","EUR"
"PLUS","PLUS500 LTD","Financials","Aktien","1.943.248,25","0,02","1.943.248,25","56.477,00","34,41","Vereinigtes Königreich","London Stock Exchange","GBP"
"ADP","AEROPORTS DE PARIS SA","Industrie","Aktien","1.930.253,70","0,02","1.930.253,70","16.207,00","119,10","Frankreich","Nyse Euronext - Euronext Paris","EUR"
"VK","VALLOUREC SA","Energie","Aktien","1.926.377,25","0,02","1.926.377,25","121.730,00","15,82","Frankreich","Nyse Euronext - Euronext Paris","EUR"
"FRA","FRAPORT FRANKFURT AIRPORT SERVICES","Industrie","Aktien","1.922.961,20","0,02","1.922.961,20","26.857,00","71,60","Deutschland","Xetra","EUR"
"ROCK B","ROCKWOOL CLASS B","Industrie","Aktien","1.919.227,10","0,02","1.919.227,10","72.061,00","26,63","Dänemark","Omx Nordic Exchange Copenhagen A/S","DKK"
"VZN","VZ HOLDING AG","Financials","Aktien","1.915.823,49","0,02","1.915.823,49","11.892,00","161,10","Schweiz","SIX Swiss Exchange","CHF"
"INW","INFRASTRUTTURE WIRELESS ITALIANE","Kommunikation","Aktien","1.897.809,17","0,02","1.897.809,17","243.153,00","7,80","Italien","Borsa Italiana","EUR"
"INPST","INPOST SA","Industrie","Aktien","1.879.628,04","0,02","1.879.628,04","198.273,00","9,48","Niederlande","Euronext Amsterdam","EUR"
"PHP","PRIMARY HEALTH PROPERTIES REIT PLC","Immobilien","Aktien","1.843.122,42","0,02","1.843.122,42","1.704.252,00","1,08","Vereinigtes Königreich","London Stock Exchange","GBP"
"VIS","VISCOFAN SA","Nichtzyklische Konsumgüter","Aktien","1.837.245,00","0,02","1.837.245,00","34.665,00","53,00","Spanien","Bolsa De Madrid","EUR"
"SHC","SHAFTESBURY CAPITAL PLC","Immobilien","Aktien","1.835.859,06","0,02","1.835.859,06","1.149.788,00","1,60","Vereinigtes Königreich","London Stock Exchange","GBP"
"AXFO","AXFOOD","Nichtzyklische Konsumgüter","Aktien","1.835.972,24","0,02","1.835.972,24","76.776,00","23,91","Schweden","Nasdaq Omx Nordic","SEK"
"FPE3","FUCHS PREF","Materialien","Aktien","1.834.093,80","0,02","1.834.093,80","48.521,00","37,80","Deutschland","Xetra","EUR"
"SUN","SULZER AG","Industrie","Aktien","1.830.721,70","0,02","1.830.721,70","13.085,00","139,91","Schweiz","SIX Swiss Exchange","CHF"
"THULE","THULE GROUP","Zyklische Konsumgüter ","Aktien","1.816.412,97","0,02","1.816.412,97","85.226,00","21,31","Schweden","Nasdaq Omx Nordic","SEK"
"ALLFG","ALLFUNDS GROUP PLC","Financials","Aktien","1.810.507,68","0,02","1.810.507,68","285.344,00","6,34","Niederlande","Euronext Amsterdam","EUR"
"CDI","CHRISTIAN DIOR","Zyklische Konsumgüter ","Aktien","1.792.602,00","0,02","1.792.602,00","3.123,00","574,00","Frankreich","Nyse Euronext - Euronext Paris","EUR"
"AMBU B","AMBU CLASS B","Gesundheitsversorgung","Aktien","1.779.382,44","0,02","1.779.382,44","157.091,00","11,33","Dänemark","Omx Nordic Exchange Copenhagen A/S","DKK"
"UTG","UNITE GROUP PLC","Immobilien","Aktien","1.758.924,75","0,02","1.758.924,75","283.875,00","6,20","Vereinigtes Königreich","London Stock Exchange","GBP"
"LOOMIS","LOOMIS CLASS B","Industrie","Aktien","1.751.980,97","0,02","1.751.980,97","54.155,00","32,35","Schweden","Nasdaq Omx Nordic","SEK"
"CAMX","CAMURUS","Gesundheitsversorgung","Aktien","1.742.047,01","0,02","1.742.047,01","31.153,00","55,92","Schweden","Nasdaq Omx Nordic","SEK"
"UNI","UNICAJA BANCO SA","Financials","Aktien","1.739.237,72","0,02","1.739.237,72","721.077,00","2,41","Spanien","Bolsa De Madrid","EUR"
"KEMIRA","KEMIRA","Materialien","Aktien","1.699.186,41","0,02","1.699.186,41","91.207,00","18,63","Finnland","Nasdaq Omx Helsinki Ltd.","EUR"
"TCAP","TP ICAP GROUP PLC","Financials","Aktien","1.694.860,94","0,02","1.694.860,94","614.611,00","2,76","Vereinigtes Königreich","London Stock Exchange","GBP"
"TOM","TOMRA SYSTEMS","Industrie","Aktien","1.678.707,98","0,02","1.678.707,98","169.538,00","9,90","Norwegen","Oslo Bors Asa","NOK"
"JD.","JD SPORTS FASHION PLC","Zyklische Konsumgüter ","Aktien","1.668.481,83","0,02","1.668.481,83","1.909.428,00","0,87","Vereinigtes Königreich","London Stock Exchange","GBP"
"MOBN","MOBIMO HOLDING AG","Immobilien","Aktien","1.663.765,01","0,02","1.663.765,01","4.384,00","379,51","Schweiz","SIX Swiss Exchange","CHF"
"VTY","VISTRY GROUP PLC","Zyklische Konsumgüter ","Aktien","1.637.547,61","0,02","1.637.547,61","236.325,00","6,93","Vereinigtes Königreich","London Stock Exchange","GBP"
"WIHL","WIHLBORGS FASTIGHETER","Immobilien","Aktien","1.634.999,22","0,02","1.634.999,22","191.908,00","8,52","Schweden","Nasdaq Omx Nordic","SEK"
"BUCN","BUCHER INDUSTRIES AG","Industrie","Aktien","1.622.525,10","0,02","1.622.525,10","4.356,00","372,48","Schweiz","SIX Swiss Exchange","CHF"
"BPT","BRIDGEPOINT GROUP PLC","Financials","Aktien","1.607.144,40","0,02","1.607.144,40","517.999,00","3,10","Vereinigtes Königreich","London Stock Exchange","GBP"
"VID","VIDRALA SA","Materialien","Aktien","1.591.626,30","0,02","1.591.626,30","19.821,00","80,30","Spanien","Bolsa De Madrid","EUR"
"VPK","KONINKLIJKE VOPAK NV","Energie","Aktien","1.591.037,00","0,02","1.591.037,00","43.001,00","37,00","Niederlande","Euronext Amsterdam","EUR"
"FLS","FLSMIDTH AND CO CLASS B","Industrie","Aktien","1.586.135,03","0,02","1.586.135,03","30.407,00","52,16","Dänemark","Omx Nordic Exchange Copenhagen A/S","DKK"
"GFTU","GRAFTON GROUP PLC","Industrie","Aktien","1.569.185,14","0,02","1.569.185,14","154.879,00","10,13","Vereinigtes Königreich","London Stock Exchange","GBP"
"SCT","SOFTCAT PLC","IT","Aktien","1.542.659,52","0,02","1.542.659,52","95.664,00","16,13","Vereinigtes Königreich","London Stock Exchange","GBP"
"AMV0","AUMOVIO N","Zyklische Konsumgüter ","Aktien","1.514.230,80","0,02","1.514.230,80","40.596,00","37,30","Deutschland","Xetra","EUR"
"TBCG","TBC BANK GROUP PLC","Financials","Aktien","1.490.994,01","0,02","1.490.994,01","36.095,00","41,31","Vereinigtes Königreich","London Stock Exchange","GBP"
"ATE","ALTEN SA","IT","Aktien","1.480.664,05","0,02","1.480.664,05","22.727,00","65,15","Frankreich","Nyse Euronext - Euronext Paris","EUR"
"NOD","NORDIC SEMICONDUCTOR","IT","Aktien","1.466.072,53","0,02","1.466.072,53","134.204,00","10,92","Norwegen","Oslo Bors Asa","NOK"
"MF","WENDEL","Financials","Aktien","1.463.048,40","0,02","1.463.048,40","19.276,00","75,90","Frankreich","Nyse Euronext - Euronext Paris","EUR"
"EZJ","EASYJET PLC","Industrie","Aktien","1.463.827,02","0,02","1.463.827,02","283.001,00","5,17","Vereinigtes Königreich","London Stock Exchange","GBP"
"PUIG","PUIG BRANDS SA CLASS B","Nichtzyklische Konsumgüter","Aktien","1.460.095,66","0,02","1.460.095,66","102.391,00","14,26","Spanien","Bolsa De Madrid","EUR"
"TECN","TECAN GROUP AG","Gesundheitsversorgung","Aktien","1.458.378,07","0,02","1.458.378,07","10.096,00","144,45","Schweiz","SIX Swiss Exchange","CHF"
"BAVA","BAVARIAN NORDIC","Gesundheitsversorgung","Aktien","1.449.430,12","0,02","1.449.430,12","59.481,00","24,37","Dänemark","Omx Nordic Exchange Copenhagen A/S","DKK"
"DKSH","DKSH HOLDING AG","Industrie","Aktien","1.439.396,70","0,02","1.439.396,70","25.071,00","57,41","Schweiz","SIX Swiss Exchange","CHF"
"WALL B","WALLENSTAM CLASS B","Immobilien","Aktien","1.431.571,30","0,02","1.431.571,30","368.723,00","3,88","Schweden","Nasdaq Omx Nordic","SEK"
"SDF","K S N AG","Materialien","Aktien","1.414.341,90","0,02","1.414.341,90","125.163,00","11,30","Deutschland","Xetra","EUR"
"GRG","GREGGS PLC","Zyklische Konsumgüter ","Aktien","1.409.385,74","0,02","1.409.385,74","83.408,00","16,90","Vereinigtes Königreich","London Stock Exchange","GBP"
"SFSN","SFS GROUP AG","Industrie","Aktien","1.408.015,25","0,02","1.408.015,25","13.154,00","107,04","Schweiz","SIX Swiss Exchange","CHF"
"AZE","AZELIS GROUP NV","Industrie","Aktien","1.405.723,11","0,02","1.405.723,11","150.667,00","9,33","Belgien","Nyse Euronext - Euronext Brussels","EUR"
"DLN","DERWENT LONDON REIT PLC","Immobilien","Aktien","1.400.036,33","0,02","1.400.036,33","73.217,00","19,12","Vereinigtes Königreich","London Stock Exchange","GBP"
"SOP","SOPRA STERIA GROUP","IT","Aktien","1.390.017,20","0,02","1.390.017,20","10.868,00","127,90","Frankreich","Nyse Euronext - Euronext Paris","EUR"
"AMP","AMPLIFON","Gesundheitsversorgung","Aktien","1.380.671,10","0,02","1.380.671,10","104.994,00","13,15","Italien","Borsa Italiana","EUR"
"BAKKA","BAKKAFROST","Nichtzyklische Konsumgüter","Aktien","1.356.050,97","0,01","1.356.050,97","35.037,00","38,70","Norwegen","Oslo Bors Asa","NOK"
"HIAB","HIAB CORPORATION CLASS B","Industrie","Aktien","1.347.660,42","0,01","1.347.660,42","29.541,00","45,62","Finnland","Nasdaq Omx Helsinki Ltd.","EUR"
"CLN","CLARIANT AG","Materialien","Aktien","1.346.642,19","0,01","1.346.642,19","187.150,00","7,20","Schweiz","SIX Swiss Exchange","CHF"
"HPOL B","HEXPOL CLASS B","Materialien","Aktien","1.341.833,96","0,01","1.341.833,96","183.096,00","7,33","Schweden","Nasdaq Omx Nordic","SEK"
"BME","B&M EUROPEAN VALUE RETAIL SA","Zyklische Konsumgüter ","Aktien","1.330.274,16","0,01","1.330.274,16","748.791,00","1,78","Vereinigtes Königreich","London Stock Exchange","GBP"
"PUM","PUMA","Zyklische Konsumgüter ","Aktien","1.246.383,93","0,01","1.246.383,93","80.646,00","15,46","Deutschland","Xetra","EUR"
"TATE","TATE AND LYLE PLC","Nichtzyklische Konsumgüter","Aktien","1.219.177,49","0,01","1.219.177,49","283.915,00","4,29","Vereinigtes Königreich","London Stock Exchange","GBP"
"KINV B","KINNEVIK CLASS B","Financials","Aktien","1.219.380,18","0,01","1.219.380,18","171.757,00","7,10","Schweden","Nasdaq Omx Nordic","SEK"
"LXS","LANXESS AG","Materialien","Aktien","1.150.223,63","0,01","1.150.223,63","72.661,00","15,83","Deutschland","Xetra","EUR"
"SK","SEB SA","Zyklische Konsumgüter ","Aktien","1.068.490,80","0,01","1.068.490,80","22.831,00","46,80","Frankreich","Nyse Euronext - Euronext Paris","EUR"
"DIA","DIASORIN","Gesundheitsversorgung","Aktien","1.066.178,84","0,01","1.066.178,84","18.269,00","58,36","Italien","Borsa Italiana","EUR"
"HEM","HEMNET GROUP","Kommunikation","Aktien","1.048.963,10","0,01","1.048.963,10","65.215,00","16,08","Schweden","Nasdaq Omx Nordic","SEK"
"OCDO","OCADO GROUP PLC","Nichtzyklische Konsumgüter","Aktien","920.458,46","0,01","920.458,46","450.864,00","2,04","Vereinigtes Königreich","London Stock Exchange","GBP"
"GBP","GBP CASH","Cash und/oder Derivate","Geldmarkt","906.447,64","0,01","906.447,64","798.758,00","113,48","Vereinigtes Königreich","-","GBP"
"NOK","NOK CASH","Cash und/oder Derivate","Geldmarkt","667.056,35","0,01","667.056,35","7.828.175,00","8,52","Norwegen","-","NOK"
"PLN","PLN CASH","Cash und/oder Derivate","Geldmarkt","575.730,56","0,01","575.730,56","2.443.429,00","23,56","Polen","-","PLN"
"SEK","SEK CASH","Cash und/oder Derivate","Geldmarkt","155.740,08","0,00","155.740,08","1.712.835,00","9,09","Schweden","-","SEK"
"-","VIDRALA SA RFD","Materialien","Aktien","78.533,40","0,00","78.533,40","978,00","80,30","Spanien","Bolsa De Madrid","EUR"
"GBP","GBP/EUR","Cash und/oder Derivate","FX","1.921,21","0,00","1.921,21","-1.589.930,00","1,00","Europäische Union","-","EUR"
"SEK","SEK/EUR","Cash und/oder Derivate","FX","1.957,27","0,00","1.957,27","-10.963.501,00","1,00","Europäische Union","-","EUR"
"NOK","NOK/EUR","Cash und/oder Derivate","FX","1.209,13","0,00","1.209,13","-5.991.137,00","1,00","Europäische Union","-","EUR"
"ETD_EUR","ETD EUR BALANCE WITH R84910","Cash und/oder Derivate","Geldmarkt","0,00","0,00","0,00","0,00","100,00","Europäische Union","-","EUR"
"DKK","DKK/EUR","Cash und/oder Derivate","FX","-69,25","0,00","-69,25","5.049.570,00","1,00","Europäische Union","-","EUR"
"SXOZ5","STOXX EUROPE 600 DEC 25","Cash und/oder Derivate","Futures","0,00","0,00","45.670.625,00","1.625,00","562,10","Europäische Union","Eurex Deutschland","EUR"
"NOK","NOK/EUR","Cash und/oder Derivate","FX","-562,20","0,00","-562,20","2.785.650,00","1,00","Europäische Union","-","EUR"
"PLN","PLN/EUR","Cash und/oder Derivate","FX","-503,80","0,00","-503,80","610.480,00","1,00","Europäische Union","-","EUR"
"SEK","SEK/EUR","Cash und/oder Derivate","FX","-2.232,58","0,00","-2.232,58","12.417.423,00","1,00","Europäische Union","-","EUR"
"GBP","GBP/EUR","Cash und/oder Derivate","FX","-5.228,83","0,00","-5.228,83","4.255.399,00","1,00","Europäische Union","-","EUR"
"CHF","CHF/EUR","Cash und/oder Derivate","FX","-7.868,30","0,00","-7.868,30","2.932.516,00","1,00","Europäische Union","-","EUR"
"DKK","DKK CASH","Cash und/oder Derivate","Geldmarkt","-333.583,02","0,00","-333.583,02","-2.491.474,00","13,39","Dänemark","-","DKK"
"CHF","CHF CASH","Cash und/oder Derivate","Geldmarkt","-2.865.505,68","-0,03","-2.865.505,68","-2.650.251,00","108,12","Schweiz","-","CHF"
 