Emittententicker,Name,Börse,ISIN
ASML,ASML HOLDING NV,Euronext Amsterdam,NL0010273215
ROG,ROCHE HOLDING PAR AG,SIX Swiss Exchange,CH0012032048
AZN,ASTRAZENECA PLC,London Stock Exchange,GB0009895292
HSBA,HSBC HOLDINGS PLC,London Stock Exchange,GB0005405286
NOVN,NOVARTIS AG,SIX Swiss Exchange,CH0012005267
SAP,SAP,Xetra,DE0007164600
NESN,NESTLE SA,SIX Swiss Exchange,CH0038863350
SHELL,SHELL PLC,Euronext Amsterdam,GB00BP6MXD84
SIE,SIEMENS N AG,Xetra,DE0007236101
MC,LVMH,Nyse Euronext - Euronext Paris,FR0000121014
ALV,ALLIANZ,Xetra,DE0008404005
SAN,BANCO SANTANDER SA,Bolsa De Madrid,ES0113900J37
SU,SCHNEIDER ELECTRIC,Nyse Euronext - Euronext Paris,FR0000121972
NOVO B,NOVO NORDISK CLASS B,Omx Nordic Exchange Copenhagen A/S,DK0062498333
TTE,TOTALENERGIES,Nyse Euronext - Euronext Paris,FR0000120271
ULVR,UNILEVER PLC,London Stock Exchange,GB00BVZK7T90
AIR,AIRBUS GROUP,Nyse Euronext - Euronext Paris,NL0000235190
UBSG,UBS GROUP AG,SIX Swiss Exchange,CH0244767585
BATS,BRITISH AMERICAN TOBACCO,London Stock Exchange,GB0002875804
SAF,SAFRAN SA,Nyse Euronext - Euronext Paris,FR0000073272
BBVA,BANCO BILBAO VIZCAYA ARGENTARIA SA,Bolsa De Madrid,ES0113211835
IBE,IBERDROLA SA,Bolsa De Madrid,ES0144580Y14
RR.,ROLLS-ROYCE HOLDINGS PLC,London Stock Exchange,GB00B63H8491
UCG,UNICREDIT,Borsa Italiana,IT0005239360
ABBN,ABB LTD,SIX Swiss Exchange,CH0012221716
CFR,COMPAGNIE FINANCIERE RICHEMONT SA,SIX Swiss Exchange,CH0210483332
DTE,DEUTSCHE TELEKOM N AG,Xetra,DE0005557508
SAN,SANOFI SA,Nyse Euronext - Euronext Paris,FR0000120578
AI,LAIR LIQUIDE SOCIETE ANONYME POUR,Nyse Euronext - Euronext Paris,FR0000120073
ZURN,ZURICH INSURANCE GROUP AG,SIX Swiss Exchange,CH0011075394
EL,ESSILORLUXOTTICA SA,Nyse Euronext - Euronext Paris,FR0000121667
OR,LOREAL SA,Nyse Euronext - Euronext Paris,FR0000120321
ENR,SIEMENS ENERGY N AG,Xetra,DE000ENER6Y0
GSK,GLAXOSMITHKLINE,London Stock Exchange,GB00BN7SWP63
BP.,BP PLC,London Stock Exchange,GB0007980591
BNP,BNP PARIBAS SA,Nyse Euronext - Euronext Paris,FR0000131104
ISP,INTESA SANPAOLO,Borsa Italiana,IT0000072618
RMS,HERMES INTERNATIONAL,Nyse Euronext - Euronext Paris,FR0000052292
RHM,RHEINMETALL AG,Xetra,DE0007030009
CS,AXA SA,Nyse Euronext - Euronext Paris,FR0000120628
BARC,BARCLAYS PLC,London Stock Exchange,GB0031348658
MUV2,MUENCHENER RUECKVERSICHERUNGS-GESE,Xetra,DE0008430026
INGA,ING GROEP NV,Euronext Amsterdam,NL0011821202
RIO,RIO TINTO PLC,London Stock Exchange,GB0007188757
ENEL,ENEL,Borsa Italiana,IT0003128367
DG,VINCI SA,Nyse Euronext - Euronext Paris,FR0000125486
NG.,NATIONAL GRID PLC,London Stock Exchange,GB00BDR05C01
LLOY,LLOYDS BANKING GROUP PLC,London Stock Exchange,GB0008706128
PRX,PROSUS NV CLASS N,Euronext Amsterdam,NL0013654783
REL,RELX PLC,London Stock Exchange,GB00B2B0DG97
DBK,DEUTSCHE BANK AG,Xetra,DE0005140008
ITX,INDUSTRIA DE DISENO TEXTIL SA,Bolsa De Madrid,ES0148396007
NWG,NATWEST GROUP PLC,London Stock Exchange,GB00BM8PJY71
BA.,BAE SYSTEMS PLC,London Stock Exchange,GB0002634946
ABI,ANHEUSER-BUSCH INBEV SA,Nyse Euronext - Euronext Brussels,BE0974293251
INVE B,INVESTOR CLASS B,Nasdaq Omx Nordic,SE0015811963
NDA FI,NORDEA BANK,Nasdaq Omx Helsinki Ltd.,FI4000297767
GLE,SOCIETE GENERALE SA,Nyse Euronext - Euronext Paris,FR0000130809
LSEG,LONDON STOCK EXCHANGE GROUP PLC,London Stock Exchange,GB00B0SWJX34
IFX,INFINEON TECHNOLOGIES AG,Xetra,DE0006231004
BN,DANONE SA,Nyse Euronext - Euronext Paris,FR0000120644
ARGX,ARGENX,Nyse Euronext - Euronext Brussels,NL0010832176
CPG,COMPASS GROUP PLC,London Stock Exchange,GB00BD6K4575
RKT,RECKITT BENCKISER GROUP PLC,London Stock Exchange,GB00B24CGK77
MBG,MERCEDES-BENZ GROUP N AG,Xetra,DE0007100000
DHL,DEUTSCHE POST AG,Xetra,DE0005552004
VOLV B,VOLVO CLASS B,Nasdaq Omx Nordic,SE0000115446
GLEN,GLENCORE PLC,London Stock Exchange,JE00B4T3BW64
DSV,DSV,Omx Nordic Exchange Copenhagen A/S,DK0060079531
HOLN,HOLCIM LTD AG,SIX Swiss Exchange,CH0012214059
SGO,COMPAGNIE DE SAINT GOBAIN SA,Nyse Euronext - Euronext Paris,FR0000125007
DB1,DEUTSCHE BOERSE AG,Xetra,DE0005810055
SREN,SWISS RE AG,SIX Swiss Exchange,CH0126881561
DGE,DIAGEO PLC,London Stock Exchange,GB0002374006
LONN,LONZA GROUP AG,SIX Swiss Exchange,CH0013841017
ENGI,ENGIE SA,Nyse Euronext - Euronext Paris,FR0010208488
ADYEN,ADYEN NV,Euronext Amsterdam,NL0012969182
ATCO A,ATLAS COPCO CLASS A,Nasdaq Omx Nordic,SE0017486889
BAS,BASF N,Xetra,DE000BASF111
RACE,FERRARI NV,Borsa Italiana,NL0011585146
G,ASSICURAZIONI GENERALI,Borsa Italiana,IT0000062072
STAN,STANDARD CHARTERED PLC,London Stock Exchange,GB0004082847
BAYN,BAYER AG,Xetra,DE000BAY0017
CABK,CAIXABANK SA,Bolsa De Madrid,ES0140609019
HLN,HALEON PLC,London Stock Exchange,GB00BMX86B70
AAL,ANGLO AMERICAN PLC,London Stock Exchange,GB00BTK05J60
III,3I GROUP PLC,London Stock Exchange,GB00B1YW4409
EOAN,E.ON N,Xetra,DE000ENAG999
EXPN,EXPERIAN PLC,London Stock Exchange,GB00B19NLV48
ENI,ENI,Borsa Italiana,IT0003132476
ALC,ALCON AG,SIX Swiss Exchange,CH0432492467
LR,LEGRAND SA,Nyse Euronext - Euronext Paris,FR0010307819
TSCO,TESCO PLC,London Stock Exchange,GB00BLGZ9862
ASSA B,ASSA ABLOY B,Nasdaq Omx Nordic,SE0007100581
AD,KONINKLIJKE AHOLD DELHAIZE NV,Euronext Amsterdam,NL0011794037
PRU,PRUDENTIAL PLC,London Stock Exchange,GB0007099541
UCB,UCB SA,Nyse Euronext - Euronext Brussels,BE0003739530
EBS,ERSTE GROUP BANK AG,Wiener Boerse Ag,AT0000652011
RWE,RWE AG,Xetra,DE0007037129
IMB,IMPERIAL BRANDS PLC,London Stock Exchange,GB0004544929
GIVN,GIVAUDAN SA,SIX Swiss Exchange,CH0010645932
SAND,SANDVIK,Nasdaq Omx Nordic,SE0000667891
EQT,EQT,Nasdaq Omx Nordic,SE0012853455
SDZ,SANDOZ GROUP AG,SIX Swiss Exchange,CH1243598427
FER,FERROVIAL,Bolsa De Madrid,NL0015001FS8
AMS,AMADEUS IT GROUP SA,Bolsa De Madrid,ES0109067019
HEI,HEIDELBERG MATERIALS AG,Xetra,DE0006047004
SEB A,SKANDINAVISKA ENSKILDA BANKEN,Nasdaq Omx Nordic,SE0000148884
ADS,ADIDAS N AG,Xetra,DE000A1EWWW0
SIKA,SIKA AG,SIX Swiss Exchange,CH0418792922
NOKIA,NOKIA,Nasdaq Omx Helsinki Ltd.,FI0009000681
ORA,ORANGE SA,Nyse Euronext - Euronext Paris,FR0000133308
DANSKE,DANSKE BANK,Omx Nordic Exchange Copenhagen A/S,DK0010274414
BMW,BMW AG,Xetra,DE0005190003
SSE,SSE PLC,London Stock Exchange,GB0007908733
SLHN,SWISS LIFE HOLDING AG,SIX Swiss Exchange,CH0014852781
CBK,COMMERZBANK AG,Xetra,DE000CBK1001
SWED A,SWEDBANK,Nasdaq Omx Nordic,SE0000242455
PRY,PRYSMIAN,Borsa Italiana,IT0004176001
ASM,ASM INTERNATIONAL NV,Euronext Amsterdam,NL0000334118
SAMPO,SAMPO CLASS A,Nasdaq Omx Helsinki Ltd.,FI4000552500
AMRZ,AMRIZE AG,SIX Swiss Exchange,CH1430134226
CAP,CAPGEMINI,Nyse Euronext - Euronext Paris,FR0000125338
GALD,GALDERMA GROUP N AG,SIX Swiss Exchange,CH1335392721
KBC,KBC GROEP,Nyse Euronext - Euronext Brussels,BE0003565737
ERIC B,ERICSSON B,Nasdaq Omx Nordic,SE0000108656
UMG,UNIVERSAL MUSIC GROUP NV,Euronext Amsterdam,NL0015000IY2
KNEBV,KONE,Nasdaq Omx Helsinki Ltd.,FI0009013403
AHT,ASHTEAD GROUP PLC,London Stock Exchange,GB0000536739
RYA,RYANAIR HOLDINGS PLC,Irish Stock Exchange - All Market,IE00BYTBXV33
PGHN,PARTNERS GROUP HOLDING AG,SIX Swiss Exchange,CH0024608827
VWS,VESTAS WIND SYSTEMS,Omx Nordic Exchange Copenhagen A/S,DK0061539921
GEBN,GEBERIT AG,SIX Swiss Exchange,CH0030170408
AV.,AVIVA PLC,London Stock Exchange,GB00BPQY8M80
VOW3,VOLKSWAGEN NON-VOTING PREF AG,Xetra,DE0007664039
HO,THALES SA,Nyse Euronext - Euronext Paris,FR0000121329
WKL,WOLTERS KLUWER NV,Euronext Amsterdam,NL0000395903
VOD,VODAFONE GROUP PLC,London Stock Exchange,GB00BH4HKS39
KER,KERING SA,Nyse Euronext - Euronext Paris,FR0000121485
HEXA B,HEXAGON CLASS B,Nasdaq Omx Nordic,SE0015961909
DTG,DAIMLER TRUCK HOLDING E AG,Xetra,DE000DTR0CK8
PUB,PUBLICIS GROUPE SA,Nyse Euronext - Euronext Paris,FR0000130577
STLAM,STELLANTIS NV,Borsa Italiana,NL00150001Q9
FRE,FRESENIUS SE AND CO KGAA,Xetra,DE0005785604
VIE,VEOLIA ENVIRON. SA,Nyse Euronext - Euronext Paris,FR0000124141
DNB,DNB BANK,Oslo Bors Asa,NO0010161896
LDO,LEONARDO FINMECCANICA SPA,Borsa Italiana,IT0003856405
HEIA,HEINEKEN NV,Euronext Amsterdam,NL0000009165
ML,MICHELIN,Nyse Euronext - Euronext Paris,FR001400AJ45
ACA,CREDIT AGRICOLE SA,Nyse Euronext - Euronext Paris,FR0000045072
SHB A,SVENSKA HANDELSBANKEN-A SHS,Nasdaq Omx Nordic,SE0007100599
MTX,MTU AERO ENGINES HOLDING AG,Xetra,DE000A0D9PT0
REP,REPSOL SA,Bolsa De Madrid,ES0173516115
A5G,AIB GROUP PLC,Irish Stock Exchange - All Market,IE00BF0L3536
NSIS B,NOVOZYMES B,Omx Nordic Exchange Copenhagen A/S,DK0060336014
PHIA,KONINKLIJKE PHILIPS NV,Euronext Amsterdam,NL0000009538
NXT,NEXT PLC,London Stock Exchange,GB0032089863
ACS,ACS ACTIVIDADES DE CONSTRUCCION Y,Bolsa De Madrid,ES0167050915
BMPS,BANCA MONTE DEI PASCHI DI SIENA SP,Borsa Italiana,IT0005508921
SAB,BANCO DE SABADELL SA,Bolsa De Madrid,ES0113860A34
ABN,ABN AMRO BANK NV,Euronext Amsterdam,NL0011540547
GMAB,GENMAB,Omx Nordic Exchange Copenhagen A/S,DK0010272202
AENA,AENA SME SA,Bolsa De Madrid,ES0105046017
IHG,INTERCONTINENTAL HOTELS GROUP PLC,London Stock Exchange,GB00BHJYC057
VNA,VONOVIA SE,Xetra,DE000A1ML7J1
DSY,DASSAULT SYSTEMES,Nyse Euronext - Euronext Paris,FR0014003TT8
HBAN,HELVETIA BALOISE HOLDING N AG,SIX Swiss Exchange,CH0466642201
PKO,POWSZECHNA KASA OSZCZEDNOSCI BANK,Warsaw Stock Exchange/Equities/Main Market,PLPKO0000016
MT,ARCELORMITTAL SA,Euronext Amsterdam,LU1598757687
NN,NN GROUP NV,Euronext Amsterdam,NL0010773842
SGSN,SGS SA,SIX Swiss Exchange,CH1256740924
LGEN,LEGAL AND GENERAL GROUP PLC,London Stock Exchange,GB0005603997
SAAB B,SAAB CLASS B,Nasdaq Omx Nordic,SE0021921269
WRT1V,WARTSILA,Nasdaq Omx Helsinki Ltd.,FI0009003727
HNR1,HANNOVER RUECK,Xetra,DE0008402215
HLMA,HALMA PLC,London Stock Exchange,GB0004052071
SCMN,SWISSCOM AG,SIX Swiss Exchange,CH0008742519
KPN,KONINKLIJKE KPN NV,Euronext Amsterdam,NL0000009082
BIRG,BANK OF IRELAND GROUP PLC,Irish Stock Exchange - All Market,IE00BD1RP616
LOGN,LOGITECH INTERNATIONAL SA,SIX Swiss Exchange,CH0025751329
MRK,MERCK,Xetra,DE0006599905
STMMI,STMICROELECTRONICS NV,Borsa Italiana,NL0000226223
BPE,BPER BANCA,Borsa Italiana,IT0000066123
RI,PERNOD RICARD SA,Nyse Euronext - Euronext Paris,FR0000120693
INF,INFORMA PLC,London Stock Exchange,GB00BMJ6DW54
BAMI,BANCO BPM,Borsa Italiana,IT0005218380
SHL,SIEMENS HEALTHINEERS AG,Xetra,DE000SHL1006
TEF,TELEFONICA SA,Bolsa De Madrid,ES0178430E18
EQNR,EQUINOR,Oslo Bors Asa,NO0010096985
ESSITY B,ESSITY CLASS B,Nasdaq Omx Nordic,SE0009922164
BAER,JULIUS BAER GRUPPE AG,SIX Swiss Exchange,CH0102484968
ANTO,ANTOFAGASTA PLC,London Stock Exchange,GB0000456144
PKN,ORLEN SA,Warsaw Stock Exchange/Equities/Main Market,PLPKN0000018
FBK,FINECOBANK BANCA FINECO,Borsa Italiana,IT0000072170
TRN,TERNA RETE ELETTRICA NAZIONALE,Borsa Italiana,IT0003242622
UPM,UPM-KYMMENE,Nasdaq Omx Helsinki Ltd.,FI0009005987
MONC,MONCLER,Borsa Italiana,IT0004965148
CLNX,CELLNEX TELECOM SA,Bolsa De Madrid,ES0105066007
SN.,SMITH AND NEPHEW PLC,London Stock Exchange,GB0009223206
BT.A,BT GROUP PLC,London Stock Exchange,GB0030913577
SCHP,SCHINDLER HOLDING PAR AG,SIX Swiss Exchange,CH0024638196
ALFA,ALFA LAVAL,Nasdaq Omx Nordic,SE0000695876
DSFIR,DSM FIRMENICH AG,Euronext Amsterdam,CH1216478797
LISP,CHOCOLADEFABRIKEN LINDT & SPRUENGL,SIX Swiss Exchange,CH0010570767
EPI A,EPIROC CLASS A,Nasdaq Omx Nordic,SE0015658109
BOL,BOLIDEN,Nasdaq Omx Nordic,SE0020050417
KRZ,KERRY GROUP PLC,Irish Stock Exchange - All Market,IE0004906560
SGE,THE SAGE GROUP PLC,London Stock Exchange,GB00B8C3BL03
EN,BOUYGUES SA,Nyse Euronext - Euronext Paris,FR0000120503
FGR,EIFFAGE SA,Nyse Euronext - Euronext Paris,FR0000130452
VACN,VAT GROUP AG,SIX Swiss Exchange,CH0311864901
COLO B,COLOPLAST B,Omx Nordic Exchange Copenhagen A/S,DK0060448595
SRG,SNAM,Borsa Italiana,IT0003153415
STMN,STRAUMANN HOLDING AG,SIX Swiss Exchange,CH1175448666
KRX,KINGSPAN GROUP PLC,Irish Stock Exchange - All Market,IE0004927939
RTO,RENTOKIL INITIAL PLC,London Stock Exchange,GB00B082RF11
IAG,INTERNATIONAL AIRLINES GROUP SA,London Stock Exchange,ES0177542018
EDP,EDP ENERGIAS DE PORTUGAL SA,Nyse Euronext - Euronext Lisbon,PTEDP0AM0009
HEN3,HENKEL & KGAA PREF AG,Xetra,DE0006048432
SOON,SONOVA HOLDING AG,SIX Swiss Exchange,CH0012549785
SPSN,SWISS PRIME SITE AG,SIX Swiss Exchange,CH0008038389
BESI,BE SEMICONDUCTOR INDUSTRIES NV,Euronext Amsterdam,NL0012866412
CARL B,CARLSBERG AS CL B,Omx Nordic Exchange Copenhagen A/S,DK0010181759
ELE,ENDESA SA,Bolsa De Madrid,ES0130670112
CNA,CENTRICA PLC,London Stock Exchange,GB00B033F229
ENX,EURONEXT NV,Nyse Euronext - Euronext Paris,NL0006294274
KNIN,KUEHNE UND NAGEL INTERNATIONAL AG,SIX Swiss Exchange,CH0025238863
BG,BAWAG GROUP AG,Wiener Boerse Ag,AT0000BAWAG2
URW,UNIBAIL RODAMCO WE STAPLED UNITS,Nyse Euronext - Euronext Paris,FR0013326246
PST,POSTE ITALIANE,Borsa Italiana,IT0003796171
AC,ACCOR SA,Nyse Euronext - Euronext Paris,FR0000120404
SGRO,SEGRO REIT PLC,London Stock Exchange,GB00B5ZN1N88
AKZA,AKZO NOBEL NV,Euronext Amsterdam,NL0013267909
UU.,UNITED UTILITIES GROUP PLC,London Stock Exchange,GB00B39J2M42
METSO,METSO CORPORATION,Nasdaq Omx Helsinki Ltd.,FI0009014575
ADM,ADMIRAL GROUP PLC,London Stock Exchange,GB00B02J6398
AGS,AGEAS SA,Nyse Euronext - Euronext Brussels,BE0974264930
SY1,SYMRISE AG,Xetra,DE000SYM9999
KOG,KONGSBERG GRUPPEN,Oslo Bors Asa,NO0013536151
SMIN,SMITHS GROUP PLC,London Stock Exchange,GB00B1WY2338
BKT,BANKINTER SA,Bolsa De Madrid,ES0113679I37
MOWI,MOWI,Oslo Bors Asa,NO0003054108
BVI,BUREAU VERITAS SA,Nyse Euronext - Euronext Paris,FR0006174348
PZU,PZU SA,Warsaw Stock Exchange/Equities/Main Market,PLPZU0000011
MAERSK B,A P MOLLER MAERSK B,Omx Nordic Exchange Copenhagen A/S,DK0010244508
QIA,QIAGEN NV,Deutsche Börse AG,NL0015002CX3
DPLM,DIPLOMA PLC,London Stock Exchange,GB0001826634
FME,FRESENIUS MEDICAL CARE AG,Xetra,DE0005785802
CCH,COCA COLA HBC AG,London Stock Exchange,CH0198251305
BEI,BEIERSDORF AG,Xetra,DE0005200000
BEAN,BELIMO N AG,SIX Swiss Exchange,CH1101098163
EVO,EVOLUTION,Nasdaq Omx Nordic,SE0012673267
PEO,BANK PEKAO SA,Warsaw Stock Exchange/Equities/Main Market,PLPEKAO00016
WEIR,WEIR GROUP PLC,London Stock Exchange,GB0009465807
G1A,GEA GROUP AG,Xetra,DE0006602006
CA,CARREFOUR SA,Nyse Euronext - Euronext Paris,FR0000120172
ORSTED,ORSTED A/S,Omx Nordic Exchange Copenhagen A/S,DK0060094928
ITRK,INTERTEK GROUP PLC,London Stock Exchange,GB0031638363
NESTE,NESTE,Nasdaq Omx Helsinki Ltd.,FI0009013296
FORTUM,FORTUM,Nasdaq Omx Helsinki Ltd.,FI0009007132
STJ,ST JAMESS PLACE PLC,London Stock Exchange,GB0007669376
BNZL,BUNZL,London Stock Exchange,GB00B0744B38
NHY,NORSK HYDRO,Oslo Bors Asa,NO0005052605
SVT,SEVERN TRENT PLC,London Stock Exchange,GB00B1FH8J72
MRO,MELROSE INDUSTRIES PLC,London Stock Exchange,GB00BNGDN821
SPIE,SPIE SA,Nyse Euronext - Euronext Paris,FR0012757854
ALO,ALSTOM SA,Nyse Euronext - Euronext Paris,FR0010220475
SKA B,SKANSKA B,Nasdaq Omx Nordic,SE0000113250
KGH,KGHM POLSKA MIEDZ SA,Warsaw Stock Exchange/Equities/Main Market,PLKGHM000017
AGN,AEGON LTD,Euronext Amsterdam,BMG0112X1056
SKF B,SKF B,Nasdaq Omx Nordic,SE0000108227
ASRNL,ASR NEDERLAND NV,Euronext Amsterdam,NL0011872643
TELIA,TELIA COMPANY,Nasdaq Omx Nordic,SE0000667925
ADDT B,ADDTECH CLASS B,Nasdaq Omx Nordic,SE0014781795
HM B,HENNES & MAURITZ,Nasdaq Omx Nordic,SE0000106270
TEL,TELENOR,Oslo Bors Asa,NO0010063308
TEL2 B,TELE2 B,Nasdaq Omx Nordic,SE0005190238
PSON,PEARSON PLC,London Stock Exchange,GB0006776081
GAW,GAMES WORKSHOP GROUP PLC,London Stock Exchange,GB0003718474
MKS,MARKS AND SPENCER GROUP PLC,London Stock Exchange,GB0031274896
LI,KLEPIERRE REIT SA,Nyse Euronext - Euronext Paris,FR0000121964
RXL,REXEL SA,Nyse Euronext - Euronext Paris,FR0010451203
WISE,WISE PLC CLASS A,London Stock Exchange,GB00BL9YR756
RNO,RENAULT SA,Nyse Euronext - Euronext Paris,FR0000131906
UNI,UNIPOL ASSICURAZIONI SPA,Borsa Italiana,IT0004810054
BCP,BANCO COMERCIAL PORTUGUES SA,Nyse Euronext - Euronext Lisbon,PTBCP0AM0015
IMI,IMI PLC,London Stock Exchange,GB00BGLP8L22
ABF,ASSOCIATED BRITISH FOODS PLC,London Stock Exchange,GB0006731235
MNG,M&G PLC,London Stock Exchange,GB00BKFB1C65
TREL B,TRELLEBORG B,Nasdaq Omx Nordic,SE0000114837
BAB,BABCOCK INTERNATIONAL GROUP PLC,London Stock Exchange,GB0009697037
ORK,ORKLA,Oslo Bors Asa,NO0003733800
HEIO,HEINEKEN HOLDING NV,Euronext Amsterdam,NL0000008977
LIFCO B,LIFCO CLASS B,Nasdaq Omx Nordic,SE0015949201
SOBI,SWEDISH ORPHAN BIOVITRUM,Nasdaq Omx Nordic,SE0000872095
PNDORA,PANDORA,Omx Nordic Exchange Copenhagen A/S,DK0060252690
ACLN,ACCELLERON N AG,SIX Swiss Exchange,CH1169360919
TRYG,TRYG,Omx Nordic Exchange Copenhagen A/S,DK0060636678
PSPN,PSP SWISS PROPERTY AG,SIX Swiss Exchange,CH0018294154
CON,CONTINENTAL AG,Xetra,DE0005439004
PAH3,PORSCHE AUTOMOBIL HOLDING PREF,Xetra,DE000PAH0038
ERF,EUROFINS SCIENTIFIC,Nyse Euronext - Euronext Paris,FR0014000MR3
ICG,ICG PLC,London Stock Exchange,GB00BYT1DJ19
TLX,TALANX AG,Xetra,DE000TLX1005
EXO,EXOR NV,Euronext Amsterdam,NL0012059018
G24,SCOUT24 N,Xetra,DE000A12DM80
OMV,OMV AG,Wiener Boerse Ag,AT0000743059
MICC,MAGNUM ICE CREAM COMPANY NPV,London Stock Exchange,NL0015002MS2
HOT,HOCHTIEF AG,Xetra,DE0006070006
SECU B,SECURITAS B,Nasdaq Omx Nordic,SE0000163594
PHNX,PHOENIX GROUP HOLDINGS PLC,London Stock Exchange,GB00BGXQNP29
ORNBV,ORION CLASS B,Nasdaq Omx Helsinki Ltd.,FI0009014377
SBRY,SAINSBURY(J) PLC,London Stock Exchange,GB00B019KW72
GALP,GALP ENERGIA SGPS SA CLASS B,Nyse Euronext - Euronext Lisbon,PTGAL0AM0009
KGF,KINGFISHER PLC,London Stock Exchange,GB0033195214
AKRBP,AKER BP,Oslo Bors Asa,NO0010345853
SRT3,SARTORIUS PREF AG,Xetra,DE0007165631
STERV,STORA ENSO CLASS R,Nasdaq Omx Helsinki Ltd.,FI0009005961
GTT,GAZTRANSPORT & TECHNIGAZ SA,Nyse Euronext - Euronext Paris,FR0011726835
GBLB,GROUPE BRUXELLES LAMBERT NV,Nyse Euronext - Euronext Brussels,BE0003797140
KCR,KONECRANES,Nasdaq Omx Helsinki Ltd.,FI0009005870
DIM,SARTORIUS STEDIM BIOTECH SA,Nyse Euronext - Euronext Paris,FR0013154002
NKT,NKT,Omx Nordic Exchange Copenhagen A/S,DK0010287663
TEN,TENARIS SA,Borsa Italiana,LU2598331598
SCA B,SVENSKA CELLULOSA B,Nasdaq Omx Nordic,SE0000112724
BNR,BRENNTAG,Xetra,DE000A1DAHH0
KBX,KNORR BREMSE AG,Xetra,DE000KBX1006
IG,ITALGAS,Borsa Italiana,IT0005211237
AUTO,AUTO TRADER GROUP PLC,London Stock Exchange,GB00BVYVFW23
STB,STOREBRAND,Oslo Bors Asa,NO0003053605
BTRW,BARRATT REDROW PLC,London Stock Exchange,GB0000811801
ELISA,ELISA,Nasdaq Omx Helsinki Ltd.,FI0009007884
TIT,TELECOM ITALIA,Borsa Italiana,IT0003497168
NEM,NEMETSCHEK,Xetra,DE0006452907
INDU C,INDUSTRIVARDEN SERIES,Nasdaq Omx Nordic,SE0000107203
DCC,DCC PLC,London Stock Exchange,IE0002424939
BEIJ B,BEIJER REF CLASS B,Nasdaq Omx Nordic,SE0015949748
INDT,INDUTRADE,Nasdaq Omx Nordic,SE0001515552
FRES,FRESNILLO PLC,London Stock Exchange,GB00B2QPKJ12
JMT,JERONIMO MARTINS SA,Nyse Euronext - Euronext Lisbon,PTJMT0AE0001
ZAL,ZALANDO,Xetra,DE000ZAL1111
ALE,ALLEGRO SA,Warsaw Stock Exchange/Equities/Main Market,LU2237380790
LTMC,LOTTOMATICA GROUP,Borsa Italiana,IT0005541336
SQN,SWISSQUOTE GROUP HOLDING SA,SIX Swiss Exchange,CH0010675863
BEZ,BEAZLEY PLC,London Stock Exchange,GB00BYQ0JC66
ABVX,ABIVAX SA,Nyse Euronext - Euronext Paris,FR0012333284
AVOL,AVOLTA AG,SIX Swiss Exchange,CH0023405456
YAR,YARA INTERNATIONAL,Oslo Bors Asa,NO0010208051
SPX,SPIRAX GROUP PLC,London Stock Exchange,GB00BWFGQN14
HSX,HISCOX LTD,London Stock Exchange,BMG4593F1389
ENT,ENTAIN PLC,London Stock Exchange,IM00B5VQMV65
REC,RECORDATI INDUSTRIA CHIMICA E FARM,Borsa Italiana,IT0003828271
AM,DASSAULT AVIATION SA,Nyse Euronext - Euronext Paris,FR0014004L86
IGG,IG GROUP HOLDINGS PLC,London Stock Exchange,GB00B06QFB75
FHZN,FLUGHAFEN ZUERICH AG,SIX Swiss Exchange,CH0319416936
KESKOB,KESKO CLASS B,Nasdaq Omx Helsinki Ltd.,FI0009000202
GALE,GALENICA AG,SIX Swiss Exchange,CH0360674466
LPP,LPP SA,Warsaw Stock Exchange/Equities/Main Market,PLLPP0000011
BIM,BIOMERIEUX SA,Nyse Euronext - Euronext Paris,FR0013280286
LAND,LAND SECURITIES GROUP REIT PLC,London Stock Exchange,GB00BYW0PQ60
RILBA,RINGKJOBING LANDBOBANK,Omx Nordic Exchange Copenhagen A/S,DK0060854669
HWDN,HOWDEN JOINERY GROUP PLC,London Stock Exchange,GB0005576813
KGX,KION GROUP AG,Xetra,DE000KGX8881
SYENS,SYENSQO NV,Nyse Euronext - Euronext Brussels,BE0974464977
BRBY,BURBERRY GROUP PLC,London Stock Exchange,GB0031743007
LHA,DEUTSCHE LUFTHANSA AG,Xetra,DE0008232125
DHER,DELIVERY HERO,Xetra,DE000A2E4K43
P911,DR ING HC F PORSCHE PRF AG,Xetra,DE000PAG9113
ELI,ELIA GROUP SA,Nyse Euronext - Euronext Brussels,BE0003822393
JDEP,JDE PEETS NV,Euronext Amsterdam,NL0014332678
GJF,GJENSIDIGE FORSIKRING,Oslo Bors Asa,NO0010582521
UHR,THE SWATCH GROUP AG,SIX Swiss Exchange,CH0012255151
PSN,PERSIMMON PLC,London Stock Exchange,GB0006825383
RMV,RIGHTMOVE PLC,London Stock Exchange,GB00BGDT3G23
R3NK,RENK GROUP AG,Xetra,DE000RENK730
BBY,BALFOUR BEATTY PLC,London Stock Exchange,GB0000961622
EVD,CTS EVENTIM AG,Xetra,DE0005470306
ACKB,ACKERMANS & VAN HAAREN NV,Nyse Euronext - Euronext Brussels,BE0003764785
NIBE B,NIBE INDUSTRIER CLASS B,Nasdaq Omx Nordic,SE0015988019
WTB,WHITBREAD PLC,London Stock Exchange,GB00B1KJJ408
JYSK,JYSKE BANK,Omx Nordic Exchange Copenhagen A/S,DK0010307958
NEX,NEXANS SA,Nyse Euronext - Euronext Paris,FR0000044448
MRL,MERLIN PROPERTIES REIT SA,Bolsa De Madrid,ES0105025003
IPN,IPSEN SA,Nyse Euronext - Euronext Paris,FR0010259150
DNP,DINO POLSKA SA,Warsaw Stock Exchange/Equities/Main Market,PLDINPL00011
RBI,RAIFFEISEN BANK INTERNATIONAL AG,Wiener Boerse Ag,AT0000606306
GET,GETLINK,Nyse Euronext - Euronext Paris,FR0010533075
BLND,BRITISH LAND REIT PLC,London Stock Exchange,GB0001367019
EDEN,EDENRED,Nyse Euronext - Euronext Paris,FR0010908533
LEG,LEG IMMOBILIEN N,Xetra,DE000LEG1110
AAK,AAK,Nasdaq Omx Nordic,SE0011337708
ISS,ISS A S,Omx Nordic Exchange Copenhagen A/S,DK0060542181
TUB,FINANCIERE DE TUBIZE SA,Nyse Euronext - Euronext Brussels,BE0003823409
BARN,BARRY CALLEBAUT AG,SIX Swiss Exchange,CH0009002962
SPL,SANTANDER BANK POLSKA SA,Warsaw Stock Exchange/Equities/Main Market,PLBZ00000044
RED,REDEIA CORPORACION SA,Bolsa De Madrid,ES0173093024
VOE,VOESTALPINE AG,Wiener Boerse Ag,AT0000937503
BZU,BUZZI,Borsa Italiana,IT0001347308
ANA,ACCIONA SA,Bolsa De Madrid,ES0125220311
TKA,THYSSENKRUPP AG,Xetra,DE0007500001
IMCD,IMCD NV,Euronext Amsterdam,NL0010801007
CTEC,CONVATEC GROUP PLC,London Stock Exchange,GB00BD3VFW73
TEMN,TEMENOS AG,SIX Swiss Exchange,CH0012453913
ZEAL,ZEALAND PHARMA,Omx Nordic Exchange Copenhagen A/S,DK0060257814
SAVE,NORDNET,Nasdaq Omx Nordic,SE0015192067
IDR,INDRA SISTEMAS SA,Bolsa De Madrid,ES0118594417
HAG,HENSOLDT AG,Xetra,DE000HAG0005
BKG,BERKELEY GROUP HOLDINGS (THE) PLC,London Stock Exchange,GB00BP0RGD03
AZA,AVANZA BANK HOLDING,Nasdaq Omx Nordic,SE0012454072
TE,TECHNIP ENERGIES NV,Nyse Euronext - Euronext Paris,NL0014559478
SCR,SCOR,Nyse Euronext - Euronext Paris,FR0010411983
SDR,SCHRODERS PLC,London Stock Exchange,GB00BP9LHF23
AMUN,AMUNDI SA,Nyse Euronext - Euronext Paris,FR0004125920
GETI B,GETINGE B,Nasdaq Omx Nordic,SE0000202624
SUBC,SUBSEA SA,Oslo Bors Asa,LU0075646355
CAST,CASTELLUM,Nasdaq Omx Nordic,SE0000379190
VER,VERBUND AG,Wiener Boerse Ag,AT0000746409
ALSYDB,AL SYDBANK,Omx Nordic Exchange Copenhagen A/S,DK0010311471
SSAB B,SSAB CLASS B,Nasdaq Omx Nordic,SE0000120669
GF,GEORG FISCHER AG,SIX Swiss Exchange,CH1169151003
SOF,SOFINA SA,Nyse Euronext - Euronext Brussels,BE0003717312
BALD B,FASTIGHETS BALDER CLASS B,Nasdaq Omx Nordic,SE0017832488
VEND,VEND MARKETPLACES ASA,Oslo Bors Asa,NO0010736879
BMED,BANCA MEDIOLANUM,Borsa Italiana,IT0004776628
SAGA B,SAGAX CLASS B,Nasdaq Omx Nordic,SE0005127818
TW.,TAYLOR WIMPEY PLC,London Stock Exchange,GB0008782301
ELIS,ELIS SA,Nyse Euronext - Euronext Paris,FR0012435121
LMP,LONDONMETRIC PROPERTY REIT PLC,London Stock Exchange,GB00B4WFW713
WDP,WAREHOUSES DE PAUW NV,Nyse Euronext - Euronext Brussels,BE0974349814
ANDR,ANDRITZ AG,Wiener Boerse Ag,AT0000730007
ABDN,ABERDEEN GROUP PLC,London Stock Exchange,GB00BF8Q6K64
VALMT,VALMET,Nasdaq Omx Helsinki Ltd.,FI4000074984
EMSN,EMS-CHEMIE HOLDING AG,SIX Swiss Exchange,CH0016440353
ALK B,ALK-ABELLO CLASS B,Omx Nordic Exchange Copenhagen A/S,DK0061802139
IP,INTERPUMP GROUP,Borsa Italiana,IT0001078911
CRDA,CRODA INTERNATIONAL PLC,London Stock Exchange,GB00BJFFLV09
SALM,SALMAR,Oslo Bors Asa,NO0010310956
JMAT,JOHNSON MATTHEY PLC,London Stock Exchange,GB00BZ4BQC70
CDR,CD PROJEKT SA,Warsaw Stock Exchange/Equities/Main Market,PLOPTTC00011
SECT B,SECTRA CLASS B,Nasdaq Omx Nordic,SE0022419784
AZM,AZIMUT HOLDING,Borsa Italiana,IT0003261697
WPP,WPP PLC,London Stock Exchange,JE00B8KF9B49
A2A,A2A,Borsa Italiana,IT0001233417
MNDI,MONDI PLC,London Stock Exchange,GB00BMWC6P49
SW,SODEXO SA,Nyse Euronext - Euronext Paris,FR0000121220
BGEO,LION FINANCE GROUP PLC,London Stock Exchange,GB00BF4HYT85
ADEN,ADECCO GROUP AG,SIX Swiss Exchange,CH0012138605
MAP,MAPFRE SA,Bolsa De Madrid,ES0124244E34
SB1NO,SPAREBANK SR-NORGE,Oslo Bors Asa,NO0010631567
GFC,GECINA SA,Nyse Euronext - Euronext Paris,FR0010040865
BC8,BECHTLE AG,Xetra,DE0005158703
BKW,BKW N AG,SIX Swiss Exchange,CH0130293662
EDPR,EDP RENOVAVEIS SA,Nyse Euronext - Euronext Lisbon,ES0127797019
LUND B,LUNDBERGFORETAGEN CLASS B,Nasdaq Omx Nordic,SE0000108847
CVC,CVC CAPITAL PARTNERS PLC,Euronext Amsterdam,JE00BRX98089
LAGR B,LAGERCRANTZ GROUP CLASS B,Nasdaq Omx Nordic,SE0014990966
FNTN,FREENET AG,Xetra,DE000A0Z2ZZ5
ITV,ITV PLC,London Stock Exchange,GB0033986497
TUI1,TUI N AG,Xetra,DE000TUAG505
IVG,IVECO GROUP NV,Borsa Italiana,NL0015000LU4
ALLN,ALLREAL HOLDING AG,SIX Swiss Exchange,CH0008837566
BBOX,TRITAX BIG BOX REIT PLC,London Stock Exchange,GB00BG49KP99
NDX1,NORDEX,Xetra,DE000A0D6554
INCH,INCHCAPE PLC,London Stock Exchange,GB00B61TVQ02
NTGY,NATURGY ENERGY GROUP SA,Bolsa De Madrid,ES0116870314
ZEG,ZEGONA COMMUNICATIONS PLC,London Stock Exchange,GB00BVGBY890
HER,HERA,Borsa Italiana,IT0001250932
AG1,AUTO1 GROUP,Xetra,DE000A2LQ884
BC,BRUNELLO CUCINELLI,Borsa Italiana,IT0004764699
BWY,BELLWAY PLC,London Stock Exchange,GB0000904986
RAA,RATIONAL AG,Xetra,DE0007010803
CPR,DAVIDE CAMPARI MILANO NV,Borsa Italiana,NL0015435975
BOL,BOLLORE,Nyse Euronext - Euronext Paris,FR0000039299
GBF,BILFINGER,Xetra,DE0005909006
SRP,SERCO GROUP PLC,London Stock Exchange,GB0007973794
INVP,INVESTEC PLC,London Stock Exchange,GB00B17BBQ50
GRF,GRIFOLS SA CLASS A,Bolsa De Madrid,ES0171996087
NDA,AURUBIS AG,Xetra,DE0006766504
SBMO,SBM OFFSHORE NV,Euronext Amsterdam,NL0000360618
SPM,SAIPEM,Borsa Italiana,IT0005495657
RAND,RANDSTAD HOLDING,Euronext Amsterdam,NL0000379121
DRX,DRAX GROUP PLC,London Stock Exchange,GB00B1VNSX38
TEP,TELEPERFORMANCE,Nyse Euronext - Euronext Paris,FR0000051807
BGN,BANCA GENERALI,Borsa Italiana,IT0001031084
LOTB,LOTUS BAKERIES NV,Nyse Euronext - Euronext Brussels,BE0003604155
SWEC B,SWECO CLASS B,Nasdaq Omx Nordic,SE0014960373
ENG,ENAGAS SA,Bolsa De Madrid,ES0130960018
AKE,ARKEMA SA,Nyse Euronext - Euronext Paris,FR0010313833
EVK,EVONIK INDUSTRIES AG,Xetra,DE000EVNK013
PNN,PENNON GROUP PLC,London Stock Exchange,GB00BNNTLN49
AYV,AYVENS SA,Nyse Euronext - Euronext Paris,FR0013258662
RS1,RS GROUP PLC,London Stock Exchange,GB0003096442
SFZN,SIEGFRIED HOLDING AG,SIX Swiss Exchange,CH1429326825
EMG,MAN GROUP PLC,London Stock Exchange,JE00BJ1DLW90
AED,AEDIFICA NV,Nyse Euronext - Euronext Brussels,BE0003851681
SIGN,SIG GROUP N AG,SIX Swiss Exchange,CH0435377954
CWK,CRANSWICK PLC,London Stock Exchange,GB0002318888
DIE,DIETEREN (D) SA,Nyse Euronext - Euronext Brussels,BE0974259880
COFB,COFINIMMO REIT SA,Nyse Euronext - Euronext Brussels,BE0003593044
MANTA,MANDATUM,Nasdaq Omx Helsinki Ltd.,FI4000552526
WIE,WIENERBERGER AG,Wiener Boerse Ag,AT0000831706
MYCR,MYCRONIC,Nasdaq Omx Nordic,SE0025158629
ROR,ROTORK PLC,London Stock Exchange,GB00BVFNZH21
HUH1V,HUHTAMAKI,Nasdaq Omx Helsinki Ltd.,FI0009000459
ALLFG,ALLFUNDS GROUP PLC,Euronext Amsterdam,GB00BNTJ3546
COV,COVIVIO SA,Nyse Euronext - Euronext Paris,FR0000064578
FTK,FLATEXDEGIRO N AG,Xetra,DE000FTG1111
LATO B,LATOUR INVESTMENT CLASS B,Nasdaq Omx Nordic,SE0010100958
PLUS,PLUS500 LTD,London Stock Exchange,IL0011284465
RUI,RUBIS,Nyse Euronext - Euronext Paris,FR0013269123
REY,REPLY,Borsa Italiana,IT0005282865
SUNN,SUNRISE N CLASS A AG,SIX Swiss Exchange,CH1386220409
RBREW,ROYAL UNIBREW,Omx Nordic Exchange Copenhagen A/S,DK0060634707
MBK,MBANK SA,Warsaw Stock Exchange/Equities/Main Market,PLBRE0000012
KBCA,KBC ANCORA NV,Nyse Euronext - Euronext Brussels,BE0003867844
CMBN,CEMBRA MONEY BANK LTD,SIX Swiss Exchange,CH0225173167
CCL,CARNIVAL PLC,London Stock Exchange,GB0031215220
UMI,UMICORE SA,Nyse Euronext - Euronext Brussels,BE0974320526
BCVN,BC VAUD N,SIX Swiss Exchange,CH0531751755
TEG,TAG IMMOBILIEN AG,Xetra,DE0008303504
MOBN,MOBIMO HOLDING AG,SIX Swiss Exchange,CH0011108872
AALB,AALBERTS NV,Euronext Amsterdam,NL0000852564
ARCAD,ARCADIS NV,Euronext Amsterdam,NL0006237562
FDJU,FDJ UNITED,Nyse Euronext - Euronext Paris,FR0013451333
HOLM B,HOLMEN CLASS B,Nasdaq Omx Nordic,SE0011090018
GL9,GLANBIA PLC,Irish Stock Exchange - All Market,IE0000669501
NEXI,NEXI,Borsa Italiana,IT0005366767
HIK,HIKMA PHARMACEUTICALS PLC,London Stock Exchange,GB00B0LCW083
RF,EURAZEO,Nyse Euronext - Euronext Paris,FR0000121121
DEMANT,DEMANT,Omx Nordic Exchange Copenhagen A/S,DK0060738599
ROCK B,ROCKWOOL CLASS B,Omx Nordic Exchange Copenhagen A/S,DK0063855168
FRO,FRONTLINE,Oslo Bors Asa,CY0200352116
ADP,AEROPORTS DE PARIS SA,Nyse Euronext - Euronext Paris,FR0010340141
QQ.,QINETIQ GROUP PLC,London Stock Exchange,GB00B0WMWD03
LIGHT,SIGNIFY NV,Euronext Amsterdam,NL0011821392
SUN,SULZER AG,SIX Swiss Exchange,CH0038388911
INPST,INPOST SA,Euronext Amsterdam,LU2290522684
UNI,UNICAJA BANCO SA,Bolsa De Madrid,ES0180907000
THULE,THULE GROUP,Nasdaq Omx Nordic,SE0006422390
AXFO,AXFOOD,Nasdaq Omx Nordic,SE0006993770
VZN,VZ HOLDING AG,SIX Swiss Exchange,CH0528751586
VAR,VAR ENERGI,Oslo Bors Asa,NO0011202772
TOM,TOMRA SYSTEMS,Oslo Bors Asa,NO0012470089
VK,VALLOUREC SA,Nyse Euronext - Euronext Paris,FR0013506730
FR,VALEO,Nyse Euronext - Euronext Paris,FR0013176526
LOOMIS,LOOMIS CLASS B,Nasdaq Omx Nordic,SE0014504817
PHP,PRIMARY HEALTH PROPERTIES REIT PLC,London Stock Exchange,GB00BYRJ5J14
FRA,FRAPORT FRANKFURT AIRPORT SERVICES,Xetra,DE0005773303
INW,INFRASTRUTTURE WIRELESS ITALIANE,Borsa Italiana,IT0005090300
FPE3,FUCHS PREF,Xetra,DE000A3E5D64
VIS,VISCOFAN SA,Bolsa De Madrid,ES0184262212
BYG,BIG YELLOW GROUP PLC,London Stock Exchange,GB0002869419
SHC,SHAFTESBURY CAPITAL PLC,London Stock Exchange,GB00B62G9D36
CDI,CHRISTIAN DIOR,Nyse Euronext - Euronext Paris,FR0000130403
AMBU B,AMBU CLASS B,Omx Nordic Exchange Copenhagen A/S,DK0060946788
TCAP,TP ICAP GROUP PLC,London Stock Exchange,JE00BMDZN391
KEMIRA,KEMIRA,Nasdaq Omx Helsinki Ltd.,FI0009004824
JD.,JD SPORTS FASHION PLC,London Stock Exchange,GB00BM8Q5M07
VID,VIDRALA SA,Bolsa De Madrid,ES0183746314
AMV0,AUMOVIO N,Xetra,DE000AUM0V10
FLS,FLSMIDTH AND CO CLASS B,Omx Nordic Exchange Copenhagen A/S,DK0010234467
CAMX,CAMURUS,Nasdaq Omx Nordic,SE0007692850
VTY,VISTRY GROUP PLC,London Stock Exchange,GB0001859296
BUCN,BUCHER INDUSTRIES AG,SIX Swiss Exchange,CH0002432174
UTG,UNITE GROUP PLC,London Stock Exchange,GB0006928617
BPT,BRIDGEPOINT GROUP PLC,London Stock Exchange,GB00BND88V85
TBCG,TBC BANK GROUP PLC,London Stock Exchange,GB00BYT18307
VPK,KONINKLIJKE VOPAK NV,Euronext Amsterdam,NL0009432491
PUM,PUMA,Xetra,DE0006969603
GFTU,GRAFTON GROUP PLC,London Stock Exchange,IE00B00MZ448
WIHL,WIHLBORGS FASTIGHETER,Nasdaq Omx Nordic,SE0018012635
SCT,SOFTCAT PLC,London Stock Exchange,GB00BYZDVK82
GRG,GREGGS PLC,London Stock Exchange,GB00B63QSB39
EZJ,EASYJET PLC,London Stock Exchange,GB00B7KR2P84
ATE,ALTEN SA,Nyse Euronext - Euronext Paris,FR0000071946
PUIG,PUIG BRANDS SA CLASS B,Bolsa De Madrid,ES0105777017
BAVA,BAVARIAN NORDIC,Omx Nordic Exchange Copenhagen A/S,DK0015998017
MF,WENDEL,Nyse Euronext - Euronext Paris,FR0000121204
SOP,SOPRA STERIA GROUP,Nyse Euronext - Euronext Paris,FR0000050809
SFSN,SFS GROUP AG,SIX Swiss Exchange,CH0239229302
DKSH,DKSH HOLDING AG,SIX Swiss Exchange,CH0126673539
SDF,K+S AG,Xetra,DE000KSAG888
HIAB,HIAB CORPORATION CLASS B,Nasdaq Omx Helsinki Ltd.,FI4000571013
NOD,NORDIC SEMICONDUCTOR,Oslo Bors Asa,NO0003055501
HPOL B,HEXPOL CLASS B,Nasdaq Omx Nordic,SE0007074281
BAKKA,BAKKAFROST,Oslo Bors Asa,FO0000000179
WALL B,WALLENSTAM CLASS B,Nasdaq Omx Nordic,SE0017780133
AMP,AMPLIFON,Borsa Italiana,IT0004056880
TECN,TECAN GROUP AG,SIX Swiss Exchange,CH0012100191
DLN,DERWENT LONDON REIT PLC,London Stock Exchange,GB0002652740
BME,B&M EUROPEAN VALUE RETAIL SA,London Stock Exchange,LU1072616219
AZE,AZELIS GROUP NV,Nyse Euronext - Euronext Brussels,BE0974400328
KINV B,KINNEVIK CLASS B,Nasdaq Omx Nordic,SE0022060521
LXS,LANXESS AG,Xetra,DE0005470405
OCDO,OCADO GROUP PLC,London Stock Exchange,GB00B3MBS747
TATE,TATE AND LYLE PLC,London Stock Exchange,GB00BP92CJ43
DIA,DIASORIN,Borsa Italiana,IT0003492391
SK,SEB SA,Nyse Euronext - Euronext Paris,FR0000121709
HEM,HEMNET GROUP,Nasdaq Omx Nordic,SE0015671995
MTO,MITIE GROUP PLC,London Stock Exchange,GB0004657408
SXS,SPECTRIS PLC,London Stock Exchange,GB0003308607
